"Term";"Vom selben Wortstamm";"Korpus-Rang";"Document Count";"Avg";"Max";"Ref";"Score";"Ref-TF"
"praktikum";"praktikums";"1";"14";"58";"93";"95";"top";"50"
"praktikanten";"praktikant";"2";"5";"15";"82";"30";"perfect";"2"
"berufspraktikum";"berufspraktikums";"6";"2";"8";"80";"0";"missing";"0"
"emely";"";"4";"1";"5";"76";"0";"missing";"0"
"praktikantin";"praktikantinnen";"4";"1";"5";"70";"35";"poor";"2"
"betriebspraktikum";"betriebspraktikums";"5";"1";"5";"70";"0";"missing";"0"
"berufserfahrung";"";"2";"3";"8";"64";"0";"missing";"0"
"praktika";"";"2";"8";"20";"64";"56";"perfect";"8"
"tipp";"";"1";"1";"4";"63";"0";"missing";"0"
"planungsübersicht";"";"8";"1";"4";"60";"0";"missing";"0"
"geschäftsmodell";"";"3";"1";"4";"59";"0";"missing";"0"
"kennung";"";"3";"1";"4";"56";"0";"missing";"0"
"arbeitswelt";"";"2";"1";"4";"56";"18";"poor";"1"
"übersetzer";"übersetzen, übersetzungen, übersetzungs";"1";"1";"4";"56";"0";"missing";"0"
"mint";"";"1";"1";"4";"54";"0";"missing";"0"
"freiwilligentätigkeiten";"";"6";"1";"4";"53";"0";"missing";"0"
"sammelst";"";"5";"2";"6";"53";"0";"missing";"0"
"homeoffice";"";"2";"4";"9";"51";"91";"top";"37"
"deloitte";"";"1";"1";"3";"51";"0";"missing";"0"
"lehrgebiets";"lehrgebiet";"6";"1";"3";"51";"0";"missing";"0"
"salesforce";"";"1";"1";"3";"50";"0";"missing";"0"
"arbeitgeber";"arbeitgebern";"1";"1";"3";"50";"0";"missing";"0"
"kollegialität";"";"6";"1";"3";"49";"0";"missing";"0"
"vorgesetzten";"vorgesetzter";"3";"1";"3";"49";"17";"poor";"1"
"ausbildungsberuf";"ausbildungsberufen";"3";"1";"3";"48";"0";"missing";"0"
"betriebsabläufe";"";"5";"1";"3";"48";"0";"missing";"0"
"klasse";"klassen";"1";"1";"3";"48";"0";"missing";"0"
"schüler";"schulen, schule, schülern, Schüler*innen";"1";"4";"9";"47";"0";"missing";"0"
"umgangsformen";"";"4";"1";"3";"46";"0";"missing";"0"
"jahrgangsstufe";"";"4";"1";"3";"46";"0";"missing";"0"
"aufgaben";"aufgabe";"1";"4";"7";"46";"24";"perfect";"2"
"idm";"";"1";"1";"3";"46";"0";"missing";"0"
"sansibar";"";"3";"1";"3";"46";"0";"missing";"0"
"marokko";"";"1";"1";"3";"46";"0";"missing";"0"
"bereich";"bereichen, bereiche";"1";"6";"9";"45";"23";"perfect";"2"
"unternehmen";"unternehmens";"1";"5";"8";"45";"13";"poor";"1"
"azubi";"";"2";"1";"3";"45";"0";"missing";"0"
"auslandspraktikum";"";"4";"1";"3";"44";"0";"missing";"0"
"wirtschaftsprüfung";"";"2";"1";"3";"44";"0";"missing";"0"
"arbeitsaufgaben";"";"5";"2";"5";"44";"0";"missing";"0"
"projektarbeit";"";"3";"1";"3";"44";"0";"missing";"0"
"aktivreisen";"";"3";"1";"3";"44";"0";"missing";"0"
"kleiderordnungen";"";"3";"1";"3";"43";"0";"missing";"0"
"firma";"";"1";"2";"5";"42";"36";"perfect";"6"
"erfahrungen";"erfahrung, erfahren, erfahrenen, erfahrene";"1";"10";"15";"42";"22";"perfect";"3"
"vorteile";"vorteil";"1";"2";"4";"42";"30";"good";"3"
"wise";"";"1";"1";"3";"41";"0";"missing";"0"
"hausarbeit";"hausarbeiten";"2";"2";"4";"41";"0";"missing";"0"
"feedbackgespräch";"";"6";"1";"3";"41";"0";"missing";"0"
"praxisluft";"";"7";"1";"3";"41";"0";"missing";"0"
"kuratoriumsmitglied";"";"7";"1";"3";"41";"0";"missing";"0"
"studienplatz";"";"4";"1";"3";"41";"0";"missing";"0"
"praktikumsanbieter";"";"8";"1";"3";"41";"0";"missing";"0"
"lateinamerika";"";"2";"1";"3";"41";"0";"missing";"0"
"übersetzungsbüro";"";"3";"1";"3";"41";"0";"missing";"0"
"zukunftsbranche";"";"6";"1";"3";"40";"0";"missing";"0"
"hierarchien";"";"3";"1";"3";"40";"0";"missing";"0"
"monate";"";"1";"2";"4";"40";"0";"missing";"0"
"ausbildung";"ausbilder, ausbilden";"1";"4";"7";"40";"0";"missing";"0"
"zeitmanagement";"";"3";"1";"3";"40";"0";"missing";"0"
"materialbox";"materialboxen";"6";"1";"3";"40";"0";"missing";"0"
"schulkooperation";"schulkooperationen";"5";"1";"3";"39";"0";"missing";"0"
"flexibilität";"";"2";"1";"3";"39";"17";"poor";"1"
"lernumgebung";"";"4";"2";"5";"39";"0";"missing";"0"
"praktikumsbewertungen";"";"8";"1";"3";"39";"0";"missing";"0"
"rahmenbedingungen";"";"2";"1";"3";"39";"0";"missing";"0"
"fachabitur";"";"3";"1";"3";"39";"0";"missing";"0"
"sprechstunde";"";"2";"1";"3";"39";"0";"missing";"0"
"zukunft";"";"1";"2";"4";"39";"0";"missing";"0"
"arbeit";"arbeiten, arbeitest, arbeitende";"1";"7";"11";"38";"40";"top";"8"
"gesing";"";"5";"1";"3";"38";"0";"missing";"0"
"remote";"";"1";"4";"6";"38";"11";"poor";"1"
"muttersprache";"";"2";"1";"3";"38";"0";"missing";"0"
"slack";"";"1";"1";"3";"38";"0";"missing";"0"
"virtuelles";"virtuellen, virtuelle, virtuell, virtueller";"2";"5";"8";"38";"0";"missing";"0"
"fremdsprachen";"fremdsprache";"2";"1";"3";"38";"0";"missing";"0"
"berufsorientierungspraktikum";"";"8";"1";"3";"38";"0";"missing";"0"
"praktikumsgebers";"";"8";"1";"3";"38";"0";"missing";"0"
"schülerinnen";"schülerin";"2";"2";"4";"38";"0";"missing";"0"
"kommunikationssoftware";"";"6";"1";"3";"38";"0";"missing";"0"
"tansania";"";"2";"1";"3";"38";"0";"missing";"0"
"jugendlichen";"jugendliche";"1";"1";"2";"37";"0";"missing";"0"
"erwartungen";"";"1";"2";"4";"37";"0";"missing";"0"
"pünktlichkeit";"pünktlich";"2";"2";"4";"37";"0";"missing";"0"
"agentur";"";"1";"1";"2";"37";"0";"missing";"0"
"onlinepraktikum";"";"7";"1";"2";"37";"0";"missing";"0"
"indien";"";"1";"1";"2";"36";"0";"missing";"0"
"marketing";"";"1";"5";"8";"36";"21";"good";"3"
"arbeitszeit";"arbeitszeiten";"2";"3";"6";"36";"27";"good";"2"
"jahrgangs";"jahrgänge";"2";"1";"2";"36";"0";"missing";"0"
"karriere";"";"1";"1";"2";"36";"0";"missing";"0"
"chatplattform";"";"4";"1";"2";"36";"0";"missing";"0"
"bewirb";"";"4";"1";"2";"36";"0";"missing";"0"
"kurse";"";"1";"2";"3";"35";"0";"missing";"0"
"präsentation";"";"1";"1";"2";"35";"0";"missing";"0"
"hochschulrektorenkonferenz";"";"6";"1";"2";"35";"0";"missing";"0"
"hotelpraktikum";"";"7";"1";"2";"35";"0";"missing";"0"
"praktikumsbescheinigung";"";"7";"2";"4";"35";"0";"missing";"0"
"durchführung";"durchführen";"1";"2";"3";"35";"0";"missing";"0"
"feedback";"";"1";"3";"5";"35";"0";"missing";"0"
"ausland";"";"1";"3";"5";"35";"0";"missing";"0"
"studienphase";"";"7";"1";"2";"34";"0";"missing";"0"
"absolvierst";"";"5";"2";"4";"34";"0";"missing";"0"
"rekrutierung";"";"3";"1";"2";"34";"0";"missing";"0"
"modulbetreuung";"";"6";"1";"2";"34";"0";"missing";"0"
"pflichtpraktikum";"";"5";"2";"5";"34";"23";"poor";"1"
"beratungsunternehmen";"";"4";"1";"2";"34";"0";"missing";"0"
"steuern";"steuer";"1";"1";"2";"34";"0";"missing";"0"
"pflegepraktikum";"";"7";"1";"2";"34";"0";"missing";"0"
"israel";"";"1";"1";"2";"34";"0";"missing";"0"
"erfolg";"";"1";"1";"2";"34";"24";"poor";"2"
"selbstdisziplin";"";"4";"1";"2";"34";"0";"missing";"0"
"übersetzungsaufträgen";"";"7";"1";"2";"33";"0";"missing";"0"
"hochschulbildung";"";"4";"1";"2";"33";"0";"missing";"0"
"möglich";"möglichkeiten, möglichkeit, möglichen, mögliche";"1";"7";"8";"33";"18";"good";"7"
"studienschwerpunkt";"";"6";"1";"2";"33";"0";"missing";"0"
"anschluss";"";"1";"2";"3";"33";"0";"missing";"0"
"universität";"universitäten";"1";"3";"5";"33";"0";"missing";"0"
"einrichtung";"einrichtungen";"1";"1";"2";"33";"0";"missing";"0"
"ziele";"ziel";"1";"2";"4";"33";"14";"poor";"1"
"lehrbetrieb";"";"5";"1";"2";"33";"0";"missing";"0"
"übersetzungstexten";"";"7";"1";"2";"33";"0";"missing";"0"
"michalk";"";"5";"1";"2";"33";"0";"missing";"0"
"beherrschst";"beherrsche";"2";"1";"2";"33";"0";"missing";"0"
"sprachstudium";"";"7";"1";"2";"32";"0";"missing";"0"
"kollegen";"";"1";"1";"2";"32";"16";"poor";"1"
"stellenangebote";"stellenangebot";"1";"2";"3";"32";"16";"poor";"1"
"affinität";"";"4";"1";"2";"32";"0";"missing";"0"
"marketingaufgaben";"";"7";"1";"2";"32";"0";"missing";"0"
"wdr";"";"2";"1";"2";"32";"0";"missing";"0"
"azubis";"";"3";"3";"5";"32";"0";"missing";"0"
"sozialpraktikum";"";"6";"1";"2";"32";"0";"missing";"0"
"onlinebereich";"";"6";"1";"2";"32";"0";"missing";"0"
"gesamtkonferenz";"";"6";"1";"2";"32";"0";"missing";"0"
"mediendidaktik";"";"6";"1";"2";"32";"0";"missing";"0"
"famulatur";"";"6";"1";"2";"32";"0";"missing";"0"
"motivationsschreiben";"";"4";"1";"2";"31";"0";"missing";"0"
"studiums";"studium";"1";"3";"5";"31";"0";"missing";"0"
"berufspraktika";"";"5";"1";"2";"31";"0";"missing";"0"
"hohenheim";"";"3";"1";"2";"31";"0";"missing";"0"
"afrika";"";"1";"1";"2";"31";"0";"missing";"0"
"betrieb";"";"1";"1";"2";"31";"0";"missing";"0"
"schulwoche";"";"6";"1";"2";"31";"0";"missing";"0"
"berufsbranche";"";"6";"1";"2";"31";"0";"missing";"0"
"fernuni";"";"5";"1";"2";"31";"0";"missing";"0"
"videokonferenzen";"videokonferenz";"3";"1";"2";"31";"20";"poor";"1"
"projekte";"projekt, projekten";"1";"3";"4";"31";"0";"missing";"0"
"hochschuldidaktik";"";"5";"1";"2";"31";"0";"missing";"0"
"prüfungsleistung";"";"5";"1";"2";"31";"0";"missing";"0"
"praktikumsstellen";"";"5";"1";"2";"31";"0";"missing";"0"
"ehrung";"";"2";"1";"2";"31";"0";"missing";"0"
"beschäftigungsverhältnis";"";"3";"1";"2";"31";"0";"missing";"0"
"studienfächer";"";"5";"1";"2";"31";"0";"missing";"0"
"bildungswissenschaft";"";"5";"1";"2";"31";"0";"missing";"0"
"nachfrage";"";"1";"1";"2";"31";"0";"missing";"0"
"datenbankpflege";"";"6";"1";"2";"31";"0";"missing";"0"
"voluntourism";"";"5";"1";"2";"31";"0";"missing";"0"
"arbeitsumfeld";"";"3";"1";"2";"30";"0";"missing";"0"
"büro";"";"1";"2";"4";"30";"34";"top";"4"
"translate";"";"1";"1";"2";"30";"0";"missing";"0"
"nicaragua";"";"1";"1";"2";"30";"0";"missing";"0"
"referentin";"";"3";"1";"2";"30";"0";"missing";"0"
"schulabschluss";"";"3";"1";"2";"30";"0";"missing";"0"
"praktikantenstelle";"";"6";"1";"2";"30";"0";"missing";"0"
"janein";"";"3";"1";"2";"30";"0";"missing";"0"
"unite";"";"1";"1";"2";"30";"0";"missing";"0"
"praxisalltag";"";"6";"1";"2";"30";"0";"missing";"0"
"studentsgoabroad";"";"3";"1";"2";"30";"0";"missing";"0"
"eingabe";"";"2";"1";"2";"30";"0";"missing";"0"
"kommunikation";"kommunikations";"1";"4";"6";"30";"0";"missing";"0"
"schulfächer";"";"4";"1";"2";"30";"0";"missing";"0"
"begrüßung";"";"2";"1";"2";"30";"0";"missing";"0"
"studienangebot";"";"4";"1";"2";"30";"0";"missing";"0"
"sonderpädagogik";"";"4";"1";"2";"30";"0";"missing";"0"
"mitpraktikanten";"";"7";"1";"2";"30";"0";"missing";"0"
"unterstützung";"unterstützen";"1";"1";"2";"30";"22";"poor";"4"
"heine";"";"2";"1";"2";"30";"0";"missing";"0"
"kununu";"";"3";"1";"2";"30";"0";"missing";"0"
"tätigkeitsbereich";"";"4";"1";"2";"30";"0";"missing";"0"
"registrierung";"";"1";"1";"2";"29";"0";"missing";"0"
"arbeitsmarkt";"arbeitsmärkten";"2";"2";"3";"29";"0";"missing";"0"
"arbeitsrechtler";"";"6";"1";"2";"29";"0";"missing";"0"
"durchsetzungsvermögen";"";"5";"1";"2";"29";"0";"missing";"0"
"fachkräfte";"fachkräften";"2";"1";"2";"29";"18";"poor";"1"
"anwesenheit";"";"2";"1";"2";"29";"0";"missing";"0"
"übernimm";"";"5";"1";"2";"29";"0";"missing";"0"
"sorge";"";"1";"1";"2";"29";"0";"missing";"0"
"abschlussarbeit";"";"3";"1";"2";"29";"0";"missing";"0"
"besprechungen";"besprechung, besprechen";"2";"2";"3";"29";"0";"missing";"0"
"auszubildenden";"";"2";"1";"2";"29";"0";"missing";"0"
"freiwilligenarbeit";"";"3";"1";"2";"29";"0";"missing";"0"
"benutzername";"";"1";"1";"2";"29";"0";"missing";"0"
"studienreise";"";"3";"1";"2";"29";"0";"missing";"0"
"einfühlungsvermögen";"";"4";"1";"2";"28";"0";"missing";"0"
"einsatzort";"";"4";"1";"2";"28";"0";"missing";"0"
"modul";"";"1";"1";"2";"28";"0";"missing";"0"
"arbeitsplatz";"arbeitsplätzen";"1";"2";"3";"28";"16";"good";"1"
"gegencheck";"";"7";"1";"2";"28";"0";"missing";"0"
"absolventen";"";"2";"2";"3";"28";"0";"missing";"0"
"experimentierboxen";"";"7";"1";"2";"28";"0";"missing";"0"
"voraussetzungen";"voraussetzung";"1";"1";"2";"28";"0";"missing";"0"
"neukundengewinnung";"";"4";"1";"2";"28";"0";"missing";"0"
"situationen";"situation";"1";"3";"4";"28";"19";"perfect";"2"
"überzeugungskraft";"";"4";"1";"2";"28";"0";"missing";"0"
"ersparnisse";"";"2";"1";"2";"28";"0";"missing";"0"
"deutschkenntnissen";"";"4";"1";"2";"28";"0";"missing";"0"
"berufsfeld";"";"3";"2";"3";"28";"0";"missing";"0"
"emelys";"";"6";"1";"2";"28";"0";"missing";"0"
"italienisch";"";"1";"1";"2";"28";"0";"missing";"0"
"arbeitsatmosphäre";"";"4";"1";"2";"28";"0";"missing";"0"
"kleidung";"";"1";"1";"2";"28";"0";"missing";"0"
"praktikumsplatz";"praktikumsplätzen, praktikumsplätze";"4";"3";"5";"28";"35";"top";"2"
"betreuung";"betreuen";"1";"4";"5";"27";"0";"missing";"0"
"germersheim";"";"3";"1";"2";"27";"0";"missing";"0"
"arbeitsstelle";"";"3";"2";"3";"27";"0";"missing";"0"
"karriereoptionen";"";"7";"1";"2";"27";"0";"missing";"0"
"merkblättern";"";"3";"1";"2";"27";"0";"missing";"0"
"lebenslauf";"";"2";"1";"2";"27";"17";"poor";"1"
"einhaltung";"";"2";"1";"2";"27";"0";"missing";"0"
"sprachwissenschaften";"";"3";"1";"2";"27";"0";"missing";"0"
"kochkurs";"";"3";"1";"2";"27";"0";"missing";"0"
"beginn";"beginnen";"1";"1";"2";"27";"4";"poor";"1"
"angesicht";"";"2";"1";"2";"27";"0";"missing";"0"
"mentimeter";"";"7";"1";"2";"27";"0";"missing";"0"
"verfügung";"verfügen";"1";"2";"3";"27";"4";"poor";"1"
"unterlagen";"";"1";"2";"3";"27";"0";"missing";"0"
"eigeninitiative";"";"3";"1";"2";"27";"0";"missing";"0"
"beliebtheit";"";"2";"1";"2";"27";"0";"missing";"0"
"korrekturlesen";"";"4";"1";"2";"27";"0";"missing";"0"
"jahres";"";"1";"1";"2";"27";"0";"missing";"0"
"sommersemester";"";"3";"1";"2";"27";"0";"missing";"0"
"betriebsrundgang";"";"7";"1";"2";"27";"0";"missing";"0"
"fernstudium";"";"3";"1";"2";"27";"0";"missing";"0"
"ergotherapie";"";"2";"1";"2";"26";"0";"missing";"0"
"anerkennung";"";"2";"1";"2";"26";"0";"missing";"0"
"unternehmensprojekten";"";"7";"1";"2";"26";"0";"missing";"0"
"minds";"";"1";"1";"2";"26";"0";"missing";"0"
"alltag";"";"1";"1";"2";"26";"0";"missing";"0"
"hause";"";"1";"3";"4";"26";"13";"poor";"1"
"beruf";"beruflichen, berufe, berufes, berufliche, berufs";"1";"4";"6";"26";"0";"missing";"0"
"verschickst";"";"2";"1";"2";"26";"0";"missing";"0"
"office";"";"1";"2";"3";"26";"25";"perfect";"5"
"hildesheim";"";"2";"1";"2";"26";"0";"missing";"0"
"passwort";"";"1";"1";"2";"26";"0";"missing";"0"
"abständen";"";"1";"1";"2";"26";"0";"missing";"0"
"unicorn";"";"1";"1";"2";"26";"0";"missing";"0"
"büros";"";"2";"1";"2";"26";"0";"missing";"0"
"woche";"wochen";"1";"3";"4";"26";"0";"missing";"0"
"journalismus";"";"3";"1";"2";"26";"0";"missing";"0"
"mb";"";"1";"1";"2";"26";"0";"missing";"0"
"nachhilfe";"";"2";"1";"2";"26";"0";"missing";"0"
"feedbackbogen";"";"7";"1";"2";"26";"0";"missing";"0"
"studiengang";"studiengängen, studiengänge";"2";"2";"3";"26";"19";"poor";"1"
"verwertbarkeit";"";"4";"1";"2";"26";"0";"missing";"0"
"smartphone";"";"1";"2";"3";"26";"0";"missing";"0"
"tipps";"";"1";"2";"3";"26";"20";"good";"3"
"kenntnisse";"";"2";"2";"3";"25";"0";"missing";"0"
"polleverywhere";"";"6";"1";"2";"25";"0";"missing";"0"
"aichach";"";"3";"1";"2";"25";"0";"missing";"0"
"lernplattform";"";"3";"1";"2";"25";"0";"missing";"0"
"whg";"";"2";"1";"2";"25";"0";"missing";"0"
"betriebsbereiche";"";"6";"1";"2";"25";"0";"missing";"0"
"schreibtisch";"";"1";"1";"2";"25";"0";"missing";"0"
"kommunizierens";"";"7";"1";"2";"25";"0";"missing";"0"
"kriterien";"";"2";"1";"2";"25";"0";"missing";"0"
"semesters";"";"2";"1";"2";"25";"0";"missing";"0"
"projektmanagementsysteme";"";"7";"1";"2";"25";"0";"missing";"0"
"sprachkurse";"";"2";"1";"2";"25";"0";"missing";"0"
"studenten";"student, Student:innen";"1";"5";"7";"25";"0";"missing";"0"
"mitmenschlichkeit";"";"3";"1";"2";"25";"0";"missing";"0"
"ökologie";"";"2";"1";"2";"25";"0";"missing";"0"
"dürkheim";"";"3";"1";"2";"25";"0";"missing";"0"
"studierenden";"studierende";"2";"1";"2";"24";"17";"poor";"1"
"mitarbeiterschaft";"";"6";"1";"2";"24";"0";"missing";"0"
"kunsthandwerk";"";"2";"1";"2";"24";"0";"missing";"0"
"gewerkschaften";"";"2";"1";"2";"24";"0";"missing";"0"
"erfüllst";"";"1";"1";"2";"24";"0";"missing";"0"
"bolivien";"";"2";"1";"2";"24";"0";"missing";"0"
"bewerbungstraining";"";"5";"1";"2";"24";"0";"missing";"0"
"nachweis";"";"1";"1";"2";"24";"16";"poor";"1"
"selbstbewusstsein";"";"2";"1";"2";"24";"0";"missing";"0"
"ausbeutung";"";"3";"1";"2";"24";"0";"missing";"0"
"informatik";"";"2";"1";"2";"24";"0";"missing";"0"
"bewerbungsgespräch";"";"3";"1";"2";"24";"0";"missing";"0"
"kofa";"";"4";"1";"2";"24";"0";"missing";"0"
"maghreb";"";"2";"1";"2";"24";"0";"missing";"0"
"hrk";"";"1";"1";"2";"24";"0";"missing";"0"
"schrift";"";"1";"1";"2";"24";"0";"missing";"0"
"produkttests";"";"3";"1";"2";"24";"0";"missing";"0"
"toleranz";"";"2";"1";"2";"24";"0";"missing";"0"
"technik";"";"1";"2";"3";"24";"0";"missing";"0"
"kontaktnetzwerk";"";"6";"1";"2";"24";"0";"missing";"0"
"werbetrommel";"";"5";"1";"2";"24";"0";"missing";"0"
"galapagos";"";"2";"1";"2";"24";"0";"missing";"0"
"monotonie";"";"3";"1";"2";"24";"0";"missing";"0"
"netzwerke";"netzwerken, netzwerk";"1";"3";"4";"24";"0";"missing";"0"
"roboterarm";"";"5";"1";"2";"24";"0";"missing";"0"
"lernen";"";"1";"3";"3";"24";"0";"missing";"0"
"kunisch";"";"5";"1";"2";"24";"0";"missing";"0"
"kahoot";"";"5";"1";"2";"24";"0";"missing";"0"
"geschäftsbrief";"";"5";"1";"2";"24";"0";"missing";"0"
"bezug";"bezüglich";"1";"2";"3";"24";"0";"missing";"0"
"asien";"";"2";"1";"2";"24";"0";"missing";"0"
"ausbildungsleiter";"";"5";"1";"2";"24";"0";"missing";"0"
"reinzuschnuppern";"";"6";"1";"2";"24";"0";"missing";"0"
"stellen";"stelle";"1";"4";"4";"24";"7";"good";"1"
"mongolei";"";"2";"1";"2";"24";"0";"missing";"0"
"betriebsbesichtigung";"";"5";"1";"2";"24";"0";"missing";"0"
"verbesserst";"";"6";"1";"2";"24";"0";"missing";"0"
"mitglieder";"";"1";"1";"2";"24";"0";"missing";"0"
"reisen";"";"1";"2";"3";"24";"0";"missing";"0"
"heisenberg";"";"2";"1";"2";"24";"0";"missing";"0"
"belastbarkeit";"";"2";"1";"2";"24";"0";"missing";"0"
"schuljahr";"";"2";"1";"2";"24";"0";"missing";"0"
"firmen";"";"1";"3";"4";"23";"34";"top";"4"
"perfektionismus";"";"4";"1";"2";"23";"0";"missing";"0"
"branche";"branchen";"1";"3";"4";"23";"23";"top";"2"
"fahrradschlauch";"";"4";"1";"2";"23";"0";"missing";"0"
"datei";"";"1";"1";"2";"23";"0";"missing";"0"
"achte";"achten, acht";"1";"1";"2";"23";"5";"poor";"1"
"augsburg";"";"1";"1";"2";"23";"0";"missing";"0"
"studierst";"";"5";"2";"3";"23";"0";"missing";"0"
"bewerben";"bewerbung";"1";"4";"5";"23";"8";"poor";"1"
"weiterbildung";"";"1";"1";"2";"23";"0";"missing";"0"
"balance";"";"1";"1";"2";"23";"18";"poor";"2"
"unterrichten";"unterricht";"1";"3";"3";"23";"0";"missing";"0"
"tutorials";"";"1";"1";"2";"23";"0";"missing";"0"
"onlinebranche";"";"1";"1";"2";"23";"0";"missing";"0"
"anleitung";"anleitungen";"1";"2";"3";"23";"13";"poor";"1"
"management";"";"1";"4";"4";"23";"0";"missing";"0"
"plakate";"";"2";"1";"2";"23";"0";"missing";"0"
"stämmen";"";"1";"1";"2";"23";"0";"missing";"0"
"bestätigung";"bestätigen";"1";"1";"2";"23";"5";"poor";"1"
"projektmanagement";"";"2";"1";"2";"23";"0";"missing";"0"
"arbeitskräfte";"";"3";"2";"3";"23";"0";"missing";"0"
"rahmen";"";"1";"1";"2";"23";"0";"missing";"0"
"beispiel";"";"1";"5";"6";"23";"0";"missing";"0"
"prüfungs";"prüfung";"1";"2";"3";"23";"0";"missing";"0"
"funktionen";"";"1";"1";"2";"23";"0";"missing";"0"
"unbezahltes";"unbezahlte";"5";"1";"2";"23";"0";"missing";"0"
"berufsqualifikation";"";"6";"1";"2";"23";"0";"missing";"0"
"physiotherapie";"";"1";"1";"2";"23";"0";"missing";"0"
"anthropologie";"";"1";"1";"2";"23";"0";"missing";"0"
"qualitätssicherung";"";"2";"1";"2";"23";"0";"missing";"0"
"arbeitsschritte";"";"4";"1";"2";"23";"0";"missing";"0"
"zeitvorgabe";"";"6";"1";"2";"23";"0";"missing";"0"
"menschenrechte";"";"2";"1";"2";"23";"0";"missing";"0"
"ausbildungsbetrieb";"";"4";"1";"2";"23";"0";"missing";"0"
"praxiserfahrung";"";"4";"1";"1";"22";"0";"missing";"0"
"dokumentation";"";"1";"1";"1";"22";"0";"missing";"0"
"nachhinein";"";"3";"1";"1";"22";"0";"missing";"0"
"praxis";"";"1";"3";"4";"22";"0";"missing";"0"
"handarbeit";"";"1";"1";"1";"22";"0";"missing";"0"
"klick";"klicks";"1";"2";"2";"22";"0";"missing";"0"
"wünsche";"wünschen, wunsch";"1";"3";"4";"22";"0";"missing";"0"
"deadlines";"";"1";"1";"1";"22";"0";"missing";"0"
"arbeitsergebnis";"";"3";"1";"1";"22";"0";"missing";"0"
"saarbrücken";"";"2";"1";"1";"22";"0";"missing";"0"
"wort";"";"1";"1";"1";"22";"0";"missing";"0"
"landesgrenze";"";"4";"1";"1";"22";"0";"missing";"0"
"kennenlernen";"";"2";"1";"1";"22";"0";"missing";"0"
"landwirtschaft";"";"1";"1";"1";"22";"0";"missing";"0"
"vorhersehbar";"";"3";"1";"1";"22";"0";"missing";"0"
"medizin";"";"1";"1";"1";"22";"0";"missing";"0"
"tätig";"tätigkeit, tätigkeiten";"1";"3";"3";"22";"0";"missing";"0"
"arbeitsbeginn";"";"5";"1";"1";"22";"0";"missing";"0"
"ausschau";"";"4";"1";"1";"22";"0";"missing";"0"
"talentpools";"";"5";"1";"1";"22";"0";"missing";"0"
"ansprechpartner";"ansprechpartnern";"1";"2";"3";"22";"0";"missing";"0"
"teilzeit";"";"2";"1";"1";"22";"0";"missing";"0"
"netzwerkpartner";"";"3";"1";"1";"22";"0";"missing";"0"
"selbständigkeit";"selbständig";"2";"1";"1";"22";"6";"poor";"1"
"kooperation";"";"1";"1";"1";"22";"0";"missing";"0"
"arbeitsmöglichkeiten";"";"5";"1";"1";"22";"0";"missing";"0"
"volunteering";"";"1";"1";"1";"22";"0";"missing";"0"
"spaß";"";"1";"1";"1";"22";"0";"missing";"0"
"erziehung";"";"1";"1";"1";"22";"0";"missing";"0"
"südafrika";"";"1";"1";"1";"22";"0";"missing";"0"
"bewerbungsschreiben";"";"3";"1";"1";"22";"0";"missing";"0"
"osten";"";"1";"1";"1";"22";"0";"missing";"0"
"arbeitspensum";"";"5";"1";"1";"22";"0";"missing";"0"
"dokumente";"";"1";"1";"1";"22";"0";"missing";"0"
"fähigkeiten";"";"2";"2";"3";"22";"0";"missing";"0"
"trugschluss";"";"5";"1";"1";"22";"0";"missing";"0"
"zuschlag";"";"2";"1";"1";"22";"0";"missing";"0"
"irland";"";"1";"1";"1";"22";"0";"missing";"0"
"bildungsniveau";"";"5";"1";"1";"22";"0";"missing";"0"
"informierst";"";"5";"1";"1";"22";"0";"missing";"0"
"umkreis";"";"1";"1";"1";"22";"0";"missing";"0"
"firmeninhaber";"";"5";"1";"1";"22";"0";"missing";"0"
"tiere";"";"1";"1";"1";"21";"0";"missing";"0"
"zwölfwöchiges";"";"7";"1";"1";"21";"0";"missing";"0"
"lohn";"";"2";"1";"1";"21";"0";"missing";"0"
"stabilisierung";"";"3";"1";"1";"21";"0";"missing";"0"
"psychologie";"";"1";"1";"1";"21";"24";"top";"2"
"bedarf";"";"1";"1";"1";"21";"0";"missing";"0"
"forschung";"";"1";"1";"1";"21";"0";"missing";"0"
"aktivitäten";"";"1";"1";"1";"21";"0";"missing";"0"
"pflege";"";"1";"2";"3";"21";"0";"missing";"0"
"bundesweiten";"bundesweites";"2";"1";"1";"21";"0";"missing";"0"
"schein";"scheinen";"2";"1";"1";"21";"6";"poor";"1"
"gestalten";"gestaltung";"1";"2";"2";"21";"0";"missing";"0"
"empowerment";"";"1";"1";"1";"21";"0";"missing";"0"
"suchmaschinen";"";"2";"1";"1";"21";"0";"missing";"0"
"beherzigst";"beherzigen";"3";"1";"1";"21";"13";"poor";"1"
"recherchiere";"";"3";"1";"1";"21";"0";"missing";"0"
"kaufberatungen";"";"2";"1";"1";"21";"0";"missing";"0"
"informationsmaterial";"";"3";"1";"1";"21";"0";"missing";"0"
"kostenaufwand";"";"4";"1";"1";"21";"0";"missing";"0"
"schulklassen";"";"3";"1";"1";"21";"0";"missing";"0"
"biologie";"";"1";"2";"3";"21";"0";"missing";"0"
"sinn";"";"1";"2";"2";"21";"0";"missing";"0"
"arbeitsabläufe";"";"4";"1";"1";"21";"0";"missing";"0"
"tourismus";"";"1";"1";"1";"21";"0";"missing";"0"
"augenhöhe";"";"3";"1";"1";"21";"0";"missing";"0"
"grundlagen";"";"1";"1";"1";"21";"0";"missing";"0"
"berufsbild";"";"3";"1";"1";"21";"0";"missing";"0"
"lehrer";"lehre";"1";"2";"3";"21";"0";"missing";"0"
"kostenersparnis";"";"4";"1";"1";"21";"0";"missing";"0"
"weiterbildungsmöglichkeiten";"";"3";"1";"1";"21";"0";"missing";"0"
"bearbeiten";"bearbeitung";"1";"3";"3";"21";"0";"missing";"0"
"planung";"";"1";"1";"1";"21";"0";"missing";"0"
"reality";"";"1";"1";"1";"20";"0";"missing";"0"
"vordergrund";"";"2";"1";"1";"20";"0";"missing";"0"
"nachbereitet";"";"7";"1";"1";"20";"0";"missing";"0"
"beratung";"";"1";"1";"1";"20";"0";"missing";"0"
"pflichten";"";"1";"2";"3";"20";"0";"missing";"0"
"eindruck";"eindrücke";"1";"2";"2";"20";"0";"missing";"0"
"desktop";"";"1";"1";"1";"20";"0";"missing";"0"
"wertschätzung";"";"2";"1";"1";"20";"0";"missing";"0"
"sporthose";"";"3";"1";"1";"20";"0";"missing";"0"
"abschnitt";"";"2";"1";"1";"20";"0";"missing";"0"
"berufseinsteigern";"";"3";"1";"1";"20";"0";"missing";"0"
"kommuniziere";"kommunizieren";"2";"1";"1";"20";"0";"missing";"0"
"schulintern";"";"7";"1";"1";"20";"0";"missing";"0"
"ländern";"länder, landes, land";"1";"3";"3";"20";"10";"poor";"1"
"paderborn";"";"1";"1";"1";"20";"0";"missing";"0"
"schnuppern";"";"4";"2";"2";"20";"0";"missing";"0"
"therapie";"";"1";"1";"1";"20";"0";"missing";"0"
"tarife";"";"1";"1";"1";"20";"0";"missing";"0"
"hinweis";"hinweisen";"1";"3";"3";"20";"0";"missing";"0"
"notebook";"";"1";"1";"1";"20";"0";"missing";"0"
"schulbedarf";"";"3";"1";"1";"20";"0";"missing";"0"
"gymnasium";"";"1";"1";"1";"20";"0";"missing";"0"
"geschick";"";"3";"1";"1";"20";"0";"missing";"0"
"handwerkliches";"handwerk";"1";"2";"2";"20";"0";"missing";"0"
"wirtschaft";"";"1";"1";"1";"20";"15";"poor";"1"
"curriculum";"";"1";"1";"1";"20";"0";"missing";"0"
"arbeitnehmer";"";"2";"1";"1";"20";"17";"poor";"1"
"vorstellungsgespräch";"";"3";"1";"1";"20";"0";"missing";"0"
"augmented";"";"3";"1";"1";"20";"0";"missing";"0"
"brücke";"";"2";"1";"1";"20";"0";"missing";"0"
"umfangs";"";"1";"1";"1";"20";"0";"missing";"0"
"aufnahme";"";"1";"2";"2";"20";"0";"missing";"0"
"calls";"";"1";"1";"1";"20";"0";"missing";"0"
"vr";"";"1";"1";"1";"20";"0";"missing";"0"
"klage";"";"2";"1";"1";"20";"0";"missing";"0"
"edinburgh";"";"1";"1";"1";"19";"0";"missing";"0"
"heidelberg";"";"1";"1";"1";"19";"0";"missing";"0"
"world";"";"1";"1";"1";"19";"0";"missing";"0"
"traumjob";"";"3";"1";"1";"19";"0";"missing";"0"
"befürchtungen";"";"2";"1";"1";"19";"0";"missing";"0"
"vorgaben";"";"2";"1";"1";"19";"0";"missing";"0"
"arbeitstag";"";"2";"1";"1";"19";"19";"top";"1"
"hast";"";"1";"4";"4";"19";"0";"missing";"0"
"umgebung";"";"1";"1";"1";"19";"0";"missing";"0"
"vorfeld";"";"2";"1";"1";"19";"0";"missing";"0"
"erschweren";"";"3";"1";"1";"19";"0";"missing";"0"
"seminaren";"seminare";"1";"2";"2";"19";"0";"missing";"0"
"anmeldung";"anmelden";"1";"2";"2";"19";"0";"missing";"0"
"videochat";"";"3";"1";"1";"19";"0";"missing";"0"
"motivation";"";"1";"1";"1";"19";"0";"missing";"0"
"gültig";"gültigen";"1";"2";"2";"19";"0";"missing";"0"
"sprachkenntnisse";"";"3";"1";"1";"19";"0";"missing";"0"
"nebenjob";"";"3";"1";"1";"19";"0";"missing";"0"
"umgang";"";"1";"1";"1";"19";"0";"missing";"0"
"verhalte";"verhalten";"1";"1";"1";"19";"0";"missing";"0"
"bausteine";"";"2";"1";"1";"19";"0";"missing";"0"
"lehrerinnen";"";"2";"1";"1";"19";"0";"missing";"0"
"deutschland";"";"1";"4";"3";"19";"8";"good";"1"
"heimatstadt";"";"3";"1";"1";"19";"0";"missing";"0"
"profil";"";"1";"1";"1";"19";"0";"missing";"0"
"factory";"";"1";"1";"1";"19";"0";"missing";"0"
"reisepass";"";"3";"1";"1";"19";"0";"missing";"0"
"vorgehen";"";"2";"1";"1";"19";"0";"missing";"0"
"win";"";"1";"1";"1";"19";"0";"missing";"0"
"gesundheit";"";"1";"1";"1";"19";"0";"missing";"0"
"zugriff";"";"1";"1";"1";"18";"0";"missing";"0"
"kinder";"";"1";"1";"1";"18";"0";"missing";"0"
"grafikdesigner";"";"2";"1";"1";"18";"0";"missing";"0"
"winter";"";"1";"1";"1";"18";"0";"missing";"0"
"visionen";"";"1";"1";"1";"18";"0";"missing";"0"
"fachhochschule";"";"2";"1";"1";"18";"0";"missing";"0"
"zertifikat";"";"1";"1";"1";"18";"0";"missing";"0"
"regel";"";"1";"2";"2";"18";"0";"missing";"0"
"learning";"";"1";"1";"1";"18";"0";"missing";"0"
"stand";"";"1";"1";"1";"18";"0";"missing";"0"
"pc";"";"1";"2";"2";"18";"0";"missing";"0"
"verlinkten";"";"2";"1";"1";"18";"0";"missing";"0"
"distanz";"";"2";"1";"1";"18";"18";"top";"1"
"tools";"tool";"1";"2";"2";"18";"0";"missing";"0"
"professionelles";"professionell, professioneller";"1";"2";"2";"18";"0";"missing";"0"
"vielseitigkeit";"";"2";"1";"1";"18";"0";"missing";"0"
"frauen";"";"1";"1";"1";"18";"0";"missing";"0"
"ausprobieren";"";"2";"1";"1";"18";"0";"missing";"0"
"verpflegung";"";"2";"1";"1";"18";"0";"missing";"0"
"jährige";"jährigen";"1";"1";"1";"18";"0";"missing";"0"
"drag";"";"1";"1";"1";"18";"0";"missing";"0"
"jobbörsen";"";"2";"1";"1";"18";"0";"missing";"0"
"angelegenheiten";"";"2";"1";"1";"18";"0";"missing";"0"
"malta";"";"1";"1";"1";"18";"0";"missing";"0"
"zeugnisse";"";"2";"1";"1";"18";"0";"missing";"0"
"fragen";"frage, fragst";"1";"3";"3";"18";"13";"good";"3"
"leipzig";"";"1";"1";"1";"18";"0";"missing";"0"
"kultur";"";"1";"1";"1";"18";"0";"missing";"0"
"köln";"kölner";"1";"2";"2";"18";"0";"missing";"0"
"plattform";"";"1";"1";"1";"18";"24";"top";"2"
"globalisierung";"";"2";"1";"1";"18";"0";"missing";"0"
"reporter";"";"1";"1";"1";"18";"0";"missing";"0"
"geschäftsführer";"";"1";"3";"3";"18";"0";"missing";"0"
"myanmar";"";"1";"1";"1";"18";"0";"missing";"0"
"zunahme";"";"2";"1";"1";"18";"0";"missing";"0"
"minijobs";"";"2";"1";"1";"18";"0";"missing";"0"
"online";"";"1";"14";"11";"18";"20";"top";"30"
"einblicke";"";"2";"1";"1";"18";"0";"missing";"0"
"austausch";"";"2";"1";"1";"18";"0";"missing";"0"
"texten";"texter, texte";"1";"3";"2";"18";"0";"missing";"0"
"ordnung";"";"1";"1";"1";"18";"0";"missing";"0"
"ghana";"";"1";"1";"1";"18";"0";"missing";"0"
"produkte";"";"1";"1";"1";"18";"0";"missing";"0"
"berlin";"";"1";"2";"2";"18";"10";"good";"2"
"zweitletzten";"";"6";"1";"1";"18";"0";"missing";"0"
"cms";"";"1";"1";"1";"17";"0";"missing";"0"
"hochladen";"";"1";"1";"1";"17";"0";"missing";"0"
"interesse";"";"1";"1";"1";"17";"0";"missing";"0"
"verfassen";"";"2";"2";"2";"17";"0";"missing";"0"
"aufwand";"aufwändig";"2";"2";"2";"17";"0";"missing";"0"
"abläufe";"ablaufen, ablauf";"1";"2";"2";"17";"24";"top";"2"
"teams";"team";"1";"4";"4";"17";"0";"missing";"0"
"digitalisierung";"";"1";"1";"1";"17";"0";"missing";"0"
"moodle";"";"1";"2";"2";"17";"0";"missing";"0"
"sammeln";"";"1";"3";"3";"17";"7";"poor";"1"
"studien";"";"1";"1";"1";"17";"0";"missing";"0"
"fantasie";"";"1";"1";"1";"17";"0";"missing";"0"
"wellness";"";"1";"1";"1";"17";"0";"missing";"0"
"erweiterung";"";"2";"1";"1";"17";"0";"missing";"0"
"sammle";"";"2";"1";"1";"17";"0";"missing";"0"
"workshop";"";"1";"1";"1";"17";"0";"missing";"0"
"ecuador";"";"1";"1";"1";"17";"0";"missing";"0"
"möchtest";"möchten";"1";"4";"4";"17";"0";"missing";"0"
"leben";"";"1";"1";"1";"17";"0";"missing";"0"
"formuliere";"";"2";"1";"1";"17";"0";"missing";"0"
"communities";"";"1";"1";"1";"17";"0";"missing";"0"
"pandemie";"";"1";"2";"2";"17";"42";"top";"6"
"lektor";"";"2";"1";"1";"17";"0";"missing";"0"
"umstände";"";"2";"1";"1";"17";"0";"missing";"0"
"bode";"";"1";"1";"1";"17";"0";"missing";"0"
"organisation";"";"1";"2";"2";"17";"0";"missing";"0"
"kent";"";"1";"1";"1";"17";"0";"missing";"0"
"physik";"";"1";"1";"1";"17";"0";"missing";"0"
"europa";"";"1";"2";"2";"17";"0";"missing";"0"
"gimbal";"";"2";"1";"1";"16";"0";"missing";"0"
"mexico";"";"1";"1";"1";"16";"0";"missing";"0"
"quiz";"";"1";"1";"1";"16";"0";"missing";"0"
"herausforderungen";"";"1";"1";"1";"16";"0";"missing";"0"
"persönlich";"persönlichen, personen";"1";"3";"2";"16";"0";"missing";"0"
"heinrich";"";"1";"1";"1";"16";"0";"missing";"0"
"chemie";"";"1";"1";"1";"16";"0";"missing";"0"
"dauer";"dauern";"1";"3";"2";"16";"0";"missing";"0"
"artikel";"";"1";"1";"1";"16";"0";"missing";"0"
"programme";"";"1";"1";"1";"16";"0";"missing";"0"
"kunst";"";"1";"1";"1";"16";"0";"missing";"0"
"einstieg";"";"1";"1";"1";"16";"0";"missing";"0"
"vorbereitung";"vorbereiten";"1";"2";"2";"16";"16";"top";"1"
"überblick";"";"1";"1";"1";"16";"0";"missing";"0"
"umzug";"";"1";"1";"1";"16";"0";"missing";"0"
"flüge";"";"1";"1";"1";"16";"0";"missing";"0"
"handelns";"handeln";"1";"2";"2";"16";"0";"missing";"0"
"freiwillige";"";"2";"1";"1";"16";"0";"missing";"0"
"verantwortung";"verantwortlichen";"1";"2";"2";"16";"0";"missing";"0"
"plätze";"";"1";"1";"1";"16";"0";"missing";"0"
"bedingungen";"";"1";"1";"1";"16";"0";"missing";"0"
"beachten";"beachte";"1";"2";"1";"16";"8";"good";"2"
"kanäle";"";"1";"1";"1";"16";"0";"missing";"0"
"überwältigend";"";"3";"1";"1";"16";"0";"missing";"0"
"leser";"";"1";"1";"1";"16";"0";"missing";"0"
"umfeld";"";"1";"1";"1";"16";"0";"missing";"0"
"aktionen";"";"1";"1";"1";"16";"0";"missing";"0"
"entscheiden";"entscheidungen, entscheidender";"1";"2";"2";"16";"0";"missing";"0"
"abschlüsse";"abschluss";"1";"2";"2";"16";"0";"missing";"0"
"erhöhst";"";"1";"1";"1";"16";"0";"missing";"0"
"konkurrenz";"";"1";"1";"1";"16";"0";"missing";"0"
"engagement";"";"1";"1";"1";"16";"0";"missing";"0"
"kompetenzen";"";"1";"1";"1";"16";"17";"top";"1"
"vollzeit";"";"1";"1";"1";"16";"0";"missing";"0"
"drop";"";"1";"1";"1";"16";"0";"missing";"0"
"zeitraum";"";"1";"1";"1";"16";"0";"missing";"0"
"problemlos";"";"3";"1";"1";"16";"0";"missing";"0"
"welt";"";"1";"1";"1";"16";"0";"missing";"0"
"bevölkerung";"";"1";"1";"1";"16";"0";"missing";"0"
"provision";"";"1";"1";"1";"16";"0";"missing";"0"
"ausbeutet";"";"6";"1";"1";"16";"0";"missing";"0"
"tm";"";"1";"1";"1";"16";"0";"missing";"0"
"internet";"internets";"1";"2";"2";"16";"0";"missing";"0"
"erstellung";"erstellen";"1";"1";"1";"16";"7";"poor";"1"
"herkömmlichen";"";"2";"1";"1";"16";"0";"missing";"0"
"fragwürdiges";"";"4";"1";"1";"16";"0";"missing";"0"
"manchester";"manchem";"1";"1";"1";"16";"1";"poor";"1"
"einsatz";"";"1";"1";"1";"16";"0";"missing";"0"
"tablet";"";"1";"1";"1";"15";"0";"missing";"0"
"japan";"";"1";"1";"1";"15";"0";"missing";"0"
"ergebnissen";"ergebnisse";"1";"1";"1";"15";"14";"poor";"1"
"inhalten";"inhalte, inhaltlich";"1";"1";"1";"15";"12";"poor";"2"
"leistung";"";"1";"1";"1";"15";"0";"missing";"0"
"mitarbeitenden";"";"1";"1";"1";"15";"0";"missing";"0"
"erfährst";"";"3";"1";"1";"15";"0";"missing";"0"
"tourism";"";"1";"1";"1";"15";"0";"missing";"0"
"wand";"";"1";"1";"1";"15";"0";"missing";"0"
"nutzung";"";"1";"1";"1";"15";"0";"missing";"0"
"bo";"";"1";"1";"1";"15";"0";"missing";"0"
"anschreiben";"";"2";"1";"1";"15";"0";"missing";"0"
"vergleich";"";"1";"1";"1";"15";"0";"missing";"0"
"gewinnst";"";"1";"1";"1";"15";"0";"missing";"0"
"training";"trainings";"1";"1";"1";"15";"11";"poor";"1"
"konkretisieren";"";"4";"1";"1";"15";"0";"missing";"0"
"interkulturelles";"";"3";"1";"1";"15";"0";"missing";"0"
"berufsbegleitendes";"";"4";"1";"1";"15";"0";"missing";"0"
"faktor";"";"1";"1";"1";"15";"0";"missing";"0"
"zugang";"";"1";"1";"1";"15";"0";"missing";"0"
"vorlagen";"vorlage";"1";"1";"1";"15";"12";"poor";"1"
"freiheit";"";"1";"1";"1";"15";"16";"top";"1"
"eingepflegt";"";"4";"1";"1";"15";"0";"missing";"0"
"besonders";"besonderheit, besondere, besonderheiten";"1";"4";"2";"15";"2";"good";"2"
"grenzen";"";"1";"1";"1";"15";"14";"poor";"1"
"sprachen";"";"1";"1";"1";"15";"0";"missing";"0"
"einarbeiten";"einarbeitung";"3";"2";"2";"15";"19";"top";"1"
"einklagen";"";"4";"1";"1";"15";"0";"missing";"0"
"entfernung";"";"1";"1";"1";"15";"0";"missing";"0"
"qualität";"";"1";"1";"1";"15";"0";"missing";"0"
"wegkommst";"";"4";"1";"1";"15";"0";"missing";"0"
"antreten";"";"2";"1";"1";"15";"0";"missing";"0"
"cam";"";"1";"1";"1";"14";"0";"missing";"0"
"probleme";"";"1";"1";"1";"14";"0";"missing";"0"
"gruppen";"";"1";"1";"1";"14";"0";"missing";"0"
"form";"";"1";"1";"1";"14";"0";"missing";"0"
"skype";"";"1";"1";"1";"14";"0";"missing";"0"
"französisch";"";"1";"1";"1";"14";"0";"missing";"0"
"bad";"";"1";"1";"1";"14";"0";"missing";"0"
"travel";"";"1";"1";"1";"14";"0";"missing";"0"
"eventuell";"eventuelle, eventuelles";"1";"2";"1";"14";"0";"missing";"0"
"soziale";"sozialen, sozialer, sozial";"1";"4";"2";"14";"0";"missing";"0"
"registriert";"";"1";"1";"1";"14";"0";"missing";"0"
"freizeit";"";"1";"1";"1";"14";"14";"top";"1"
"schaffen";"schaffst";"1";"2";"2";"14";"0";"missing";"0"
"englisch";"";"1";"1";"1";"14";"0";"missing";"0"
"digital";"digitale, digitalen";"1";"4";"2";"14";"7";"perfect";"1"
"fehlerfrei";"";"3";"1";"1";"14";"0";"missing";"0"
"weg";"wege";"1";"3";"2";"14";"15";"top";"3"
"türen";"tür";"1";"1";"1";"14";"14";"top";"1"
"kamera";"";"1";"1";"1";"14";"0";"missing";"0"
"unterkunft";"";"1";"1";"1";"14";"0";"missing";"0"
"computer";"computern";"1";"3";"2";"14";"10";"good";"1"
"glück";"";"1";"1";"1";"14";"0";"missing";"0"
"grund";"";"1";"1";"1";"14";"0";"missing";"0"
"live";"";"1";"1";"1";"14";"0";"missing";"0"
"runden";"";"2";"1";"1";"14";"0";"missing";"0"
"china";"";"1";"1";"1";"14";"0";"missing";"0"
"life";"";"1";"1";"1";"14";"15";"top";"2"
"bath";"";"1";"1";"1";"14";"0";"missing";"0"
"dinge";"";"1";"1";"1";"14";"0";"missing";"0"
"einwöchige";"";"4";"1";"1";"14";"0";"missing";"0"
"musst";"mussten";"1";"1";"1";"14";"4";"poor";"1"
"nachlesen";"";"2";"1";"1";"14";"0";"missing";"0"
"idee";"ideen";"1";"2";"2";"14";"0";"missing";"0"
"hintergrund";"";"1";"1";"1";"14";"0";"missing";"0"
"native";"";"1";"1";"1";"14";"0";"missing";"0"
"handy";"";"1";"1";"1";"14";"0";"missing";"0"
"artikuliere";"";"5";"1";"1";"14";"0";"missing";"0"
"entwicklung";"";"1";"1";"1";"14";"0";"missing";"0"
"work";"";"1";"2";"2";"14";"18";"top";"3"
"macht";"";"1";"4";"3";"13";"0";"missing";"0"
"egal";"";"1";"2";"1";"13";"6";"good";"1"
"erleben";"erlebe";"1";"4";"3";"13";"0";"missing";"0"
"nähe";"naher, nahe";"1";"3";"2";"13";"0";"missing";"0"
"durchlaufen";"";"4";"1";"1";"13";"0";"missing";"0"
"unmöglich";"";"2";"1";"1";"13";"0";"missing";"0"
"hilfreich";"hilfreiche";"1";"2";"1";"13";"0";"missing";"0"
"ms";"";"1";"1";"1";"13";"0";"missing";"0"
"zoom";"";"1";"1";"1";"13";"0";"missing";"0"
"weitergeleitet";"";"2";"1";"1";"13";"0";"missing";"0"
"laptop";"";"1";"2";"2";"13";"0";"missing";"0"
"letzt";"";"1";"1";"1";"13";"0";"missing";"0"
"falls";"fall, fallen";"1";"3";"1";"13";"12";"perfect";"3"
"recherche";"";"1";"1";"1";"13";"0";"missing";"0"
"state";"";"1";"1";"1";"13";"0";"missing";"0"
"homepage";"";"1";"1";"1";"13";"0";"missing";"0"
"menschen";"";"1";"1";"1";"13";"11";"poor";"1"
"indigenen";"";"3";"1";"1";"13";"0";"missing";"0"
"erfreuen";"";"3";"1";"1";"13";"0";"missing";"0"
"hagen";"";"1";"1";"1";"13";"0";"missing";"0"
"reflektierenden";"";"3";"1";"1";"13";"0";"missing";"0"
"corona";"";"1";"1";"1";"13";"42";"top";"10"
"nachgegangen";"";"4";"1";"1";"13";"0";"missing";"0"
"infos";"";"1";"2";"2";"13";"0";"missing";"0"
"repariere";"";"2";"1";"1";"13";"0";"missing";"0"
"musik";"";"1";"1";"1";"13";"0";"missing";"0"
"verstehst";"";"1";"1";"1";"13";"0";"missing";"0"
"benjamin";"";"1";"1";"1";"13";"0";"missing";"0"
"sweatshirt";"";"1";"1";"1";"13";"0";"missing";"0"
"verlockend";"";"4";"1";"1";"13";"0";"missing";"0"
"community";"";"1";"1";"1";"13";"0";"missing";"0"
"ar";"";"1";"1";"1";"13";"0";"missing";"0"
"vertiefende";"";"3";"1";"1";"13";"0";"missing";"0"
"absolviert";"";"2";"2";"1";"13";"6";"poor";"1"
"informationen";"information";"1";"2";"1";"13";"0";"missing";"0"
"schaue";"";"1";"1";"1";"13";"0";"missing";"0"
"brief";"";"1";"1";"1";"13";"0";"missing";"0"
"initiativ";"";"1";"2";"1";"12";"0";"missing";"0"
"animation";"";"1";"1";"1";"12";"0";"missing";"0"
"weißt";"";"2";"2";"1";"12";"0";"missing";"0"
"gewohnt";"";"2";"1";"1";"12";"7";"poor";"1"
"beiträge";"";"1";"1";"1";"12";"0";"missing";"0"
"severin";"";"1";"1";"1";"12";"0";"missing";"0"
"finden";"finde, findest";"1";"5";"3";"12";"2";"bad";"1"
"werner";"";"1";"1";"1";"12";"0";"missing";"0"
"bewirbt";"";"4";"1";"1";"12";"0";"missing";"0"
"dazugehörigen";"";"2";"1";"1";"12";"0";"missing";"0"
"aufzeichnen";"";"2";"1";"1";"12";"0";"missing";"0"
"chef";"";"1";"1";"1";"12";"0";"missing";"0"
"talente";"";"1";"1";"1";"12";"0";"missing";"0"
"mangelt";"";"3";"1";"1";"12";"0";"missing";"0"
"beteuert";"";"5";"1";"1";"12";"0";"missing";"0"
"sport";"";"1";"1";"1";"12";"0";"missing";"0"
"ups";"";"1";"1";"1";"12";"0";"missing";"0"
"chance";"chancen";"1";"3";"2";"12";"0";"missing";"0"
"angerechnet";"";"3";"1";"1";"12";"0";"missing";"0"
"ausführliche";"";"1";"1";"1";"12";"0";"missing";"0"
"begriffen";"";"1";"1";"1";"12";"0";"missing";"0"
"freundlichen";"";"1";"1";"1";"12";"0";"missing";"0"
"kassieren";"";"3";"1";"1";"12";"0";"missing";"0"
"machen";"machst, mache";"1";"7";"4";"12";"5";"good";"2"
"einteilen";"";"3";"1";"1";"12";"8";"poor";"1"
"kommunikative";"";"3";"1";"1";"12";"0";"missing";"0"
"erlebt";"";"3";"1";"1";"12";"0";"missing";"0"
"erlebbar";"";"4";"1";"1";"11";"0";"missing";"0"
"ganz";"ganzen, ganze, ganzes";"1";"3";"1";"11";"1";"poor";"1"
"english";"";"1";"1";"1";"11";"0";"missing";"0"
"ausgezeichnet";"";"2";"1";"1";"11";"0";"missing";"0"
"besprochen";"besprochenen";"2";"2";"1";"11";"0";"missing";"0"
"fachlich";"";"3";"1";"1";"11";"0";"missing";"0"
"teilnehmen";"";"1";"1";"1";"11";"0";"missing";"0"
"anerkannt";"";"2";"1";"1";"11";"8";"poor";"2"
"überlegen";"";"2";"1";"1";"11";"0";"missing";"0"
"rundet";"";"3";"1";"1";"11";"0";"missing";"0"
"aufzubessern";"";"5";"1";"1";"11";"0";"missing";"0"
"rühren";"";"1";"1";"1";"11";"0";"missing";"0"
"auditiven";"";"3";"1";"1";"11";"0";"missing";"0"
"teilgenommen";"";"3";"1";"1";"11";"0";"missing";"0"
"streicht";"";"3";"1";"1";"11";"0";"missing";"0"
"englischsprachigen";"";"4";"1";"1";"11";"0";"missing";"0"
"barbara";"";"1";"1";"1";"11";"0";"missing";"0"
"job";"";"1";"1";"1";"11";"0";"missing";"0"
"technologien";"";"1";"1";"1";"11";"0";"missing";"0"
"setze";"setzen";"1";"1";"1";"11";"0";"missing";"0"
"durchführten";"";"3";"1";"1";"11";"0";"missing";"0"
"auftreten";"";"1";"1";"1";"11";"0";"missing";"0"
"proaktiv";"";"3";"1";"1";"11";"0";"missing";"0"
"zusagt";"";"4";"1";"1";"11";"0";"missing";"0"
"kontakt";"kontakte";"1";"3";"1";"11";"11";"top";"3"
"meeting";"";"1";"1";"1";"11";"0";"missing";"0"
"denken";"";"1";"1";"1";"11";"0";"missing";"0"
"wählen";"wähle";"1";"2";"1";"11";"0";"missing";"0"
"versenden";"";"1";"1";"1";"11";"0";"missing";"0"
"angebot";"angebote, angeboten, angebotenen";"1";"4";"2";"11";"13";"top";"4"
"verunsichern";"";"4";"1";"1";"11";"0";"missing";"0"
"laden";"";"1";"1";"1";"11";"0";"missing";"0"
"media";"";"1";"3";"2";"11";"0";"missing";"0"
"zeichnen";"";"1";"1";"1";"10";"0";"missing";"0"
"ausreichend";"ausreichen, ausreichende";"1";"2";"1";"10";"0";"missing";"0"
"mündlich";"";"3";"1";"1";"10";"0";"missing";"0"
"ausgestellte";"";"4";"1";"1";"10";"0";"missing";"0"
"hilfe";"";"1";"1";"1";"10";"6";"poor";"1"
"vorbereitet";"vorbereiteter";"2";"2";"1";"10";"0";"missing";"0"
"rechtlich";"";"1";"1";"1";"10";"0";"missing";"0"
"sagt";"";"1";"2";"1";"10";"0";"missing";"0"
"normalen";"normales";"1";"1";"1";"10";"5";"poor";"1"
"manuelle";"";"2";"1";"1";"10";"0";"missing";"0"
"anhören";"";"1";"1";"1";"10";"0";"missing";"0"
"weitergehen";"";"2";"1";"1";"10";"0";"missing";"0"
"fließend";"";"3";"1";"1";"10";"0";"missing";"0"
"aufbaut";"";"3";"1";"1";"10";"0";"missing";"0"
"warten";"";"1";"1";"1";"10";"0";"missing";"0"
"fühlst";"";"1";"1";"1";"10";"0";"missing";"0"
"solltest";"sollte, sollten";"1";"4";"1";"10";"8";"perfect";"4"
"daten";"";"1";"1";"1";"10";"0";"missing";"0"
"wiederverwendet";"";"4";"1";"1";"10";"0";"missing";"0"
"wichtig";"wichtige, wichtigsten, wichtiger";"1";"4";"2";"10";"4";"good";"1"
"willkommen";"";"1";"1";"1";"10";"0";"missing";"0"
"rede";"";"1";"1";"1";"10";"0";"missing";"0"
"gut";"gute, guter, guten, gutes";"1";"5";"2";"10";"7";"good";"7"
"abgefragt";"";"3";"1";"1";"10";"0";"missing";"0"
"affinen";"";"1";"1";"1";"10";"0";"missing";"0"
"senden";"";"1";"1";"1";"10";"0";"missing";"0"
"hand";"";"1";"1";"1";"10";"10";"top";"1"
"respektvoll";"";"4";"1";"1";"10";"0";"missing";"0"
"art";"";"1";"1";"1";"10";"0";"missing";"0"
"box";"";"1";"1";"1";"10";"0";"missing";"0"
"action";"";"1";"1";"1";"10";"0";"missing";"0"
"einstellen";"";"1";"1";"1";"10";"0";"missing";"0"
"umzuziehen";"";"5";"1";"1";"10";"0";"missing";"0"
"kombinieren";"";"2";"1";"1";"10";"0";"missing";"0"
"vorstellen";"";"1";"2";"1";"10";"0";"missing";"0"
"kosten";"";"1";"1";"1";"10";"0";"missing";"0"
"software";"";"1";"1";"1";"10";"0";"missing";"0"
"spielerisch";"";"3";"1";"1";"10";"0";"missing";"0"
"bekämen";"bekamen";"2";"1";"1";"10";"5";"poor";"1"
"trainieren";"";"2";"1";"1";"10";"0";"missing";"0"
"chat";"chats";"1";"2";"1";"10";"0";"missing";"0"
"youtube";"";"1";"1";"1";"10";"0";"missing";"0"
"internationale";"internationalen, international, internationales";"1";"2";"1";"10";"0";"missing";"0"
"konkret";"konkreten, konkrete";"2";"1";"1";"10";"6";"poor";"1"
"regionen";"";"1";"1";"1";"10";"0";"missing";"0"
"maximal";"";"1";"1";"1";"10";"0";"missing";"0"
"verweist";"";"2";"1";"1";"9";"0";"missing";"0"
"bietet";"";"1";"2";"1";"9";"0";"missing";"0"
"rechten";"recht";"1";"3";"1";"9";"0";"missing";"0"
"potenziellen";"";"3";"2";"1";"9";"0";"missing";"0"
"kontaktieren";"";"1";"1";"1";"9";"0";"missing";"0"
"fordere";"";"1";"1";"1";"9";"0";"missing";"0"
"produktiver";"";"3";"1";"1";"9";"0";"missing";"0"
"authentisch";"";"3";"1";"1";"9";"0";"missing";"0"
"recherchiert";"";"2";"1";"1";"9";"0";"missing";"0"
"kann";"kannst";"1";"8";"3";"9";"6";"perfect";"6"
"zusammengetragen";"";"3";"1";"1";"9";"0";"missing";"0"
"rar";"";"1";"1";"1";"9";"0";"missing";"0"
"verschiedensten";"";"2";"1";"1";"9";"0";"missing";"0"
"theoretischen";"";"2";"1";"1";"9";"0";"missing";"0"
"teilnimmt";"";"4";"1";"1";"9";"0";"missing";"0"
"zusätzlich";"zusatz";"1";"1";"1";"9";"15";"top";"1"
"dritten";"dritt";"1";"2";"1";"9";"0";"missing";"0"
"aufwenden";"";"2";"1";"1";"9";"0";"missing";"0"
"knüpfen";"";"3";"1";"1";"9";"0";"missing";"0"
"erläutern";"";"3";"1";"1";"9";"0";"missing";"0"
"beschlossene";"";"2";"1";"1";"9";"0";"missing";"0"
"social";"";"1";"3";"2";"9";"0";"missing";"0"
"absolvieren";"";"3";"3";"2";"9";"15";"top";"4"
"eingebundene";"";"2";"1";"1";"9";"0";"missing";"0"
"zunehmenden";"zunehmender";"2";"1";"1";"9";"0";"missing";"0"
"bericht";"berichten";"1";"1";"1";"9";"22";"top";"2"
"abhalten";"";"3";"1";"1";"9";"0";"missing";"0"
"funktioniert";"";"1";"1";"1";"9";"0";"missing";"0"
"unfair";"";"1";"1";"1";"9";"0";"missing";"0"
"zeigen";"";"1";"1";"1";"9";"7";"poor";"3"
"informieren";"informiere";"1";"3";"1";"9";"0";"missing";"0"
"bild";"";"1";"1";"1";"9";"0";"missing";"0"
"bekommt";"";"1";"1";"1";"9";"0";"missing";"0"
"thematisieren";"";"4";"1";"1";"9";"0";"missing";"0"
"wurde";"wurden, würdest, würden";"1";"5";"1";"8";"4";"perfect";"5"
"deutsch";"";"1";"2";"1";"8";"0";"missing";"0"
"vorgestellt";"";"3";"1";"1";"8";"0";"missing";"0"
"it";"";"1";"2";"1";"8";"0";"missing";"0"
"ben";"";"1";"1";"1";"8";"0";"missing";"0"
"nachrichten";"";"1";"1";"1";"8";"0";"missing";"0"
"flexibel";"";"1";"1";"1";"8";"6";"poor";"1"
"interessant";"interessanter";"1";"2";"1";"8";"0";"missing";"0"
"dualen";"";"1";"1";"1";"8";"0";"missing";"0"
"passieren";"";"2";"1";"1";"8";"0";"missing";"0"
"festen";"fest";"1";"1";"1";"8";"1";"poor";"1"
"platzieren";"";"2";"1";"1";"8";"0";"missing";"0"
"strukturierten";"";"2";"1";"1";"8";"0";"missing";"0"
"organisatorische";"";"2";"1";"1";"8";"0";"missing";"0"
"binden";"";"1";"1";"1";"8";"0";"missing";"0"
"deine";"dein, deiner, deinen, deinem, deines";"1";"3";"1";"8";"0";"missing";"0"
"abzuschließen";"";"3";"1";"1";"8";"0";"missing";"0"
"erzählen";"";"2";"1";"1";"8";"0";"missing";"0"
"stößt";"";"2";"1";"1";"8";"0";"missing";"0"
"klare";"klar, klären";"1";"1";"1";"8";"8";"top";"3"
"unbedingt";"";"1";"1";"1";"8";"0";"missing";"0"
"reines";"";"1";"1";"1";"8";"0";"missing";"0"
"überfordert";"";"3";"1";"1";"8";"0";"missing";"0"
"klingt";"";"2";"1";"1";"8";"0";"missing";"0"
"verwenden";"";"1";"1";"1";"8";"0";"missing";"0"
"fotografiert";"";"2";"1";"1";"8";"0";"missing";"0"
"kommentiert";"";"2";"1";"1";"8";"0";"missing";"0"
"einzuhalten";"";"3";"1";"1";"8";"0";"missing";"0"
"vorübergehender";"";"2";"1";"1";"8";"0";"missing";"0"
"regelmäßig";"regelmäßigen";"1";"2";"1";"8";"0";"missing";"0"
"brauchst";"";"1";"1";"1";"8";"0";"missing";"0"
"bekommen";"bekomme";"1";"2";"1";"8";"7";"perfect";"2"
"verringerter";"";"2";"1";"1";"8";"0";"missing";"0"
"positiv";"";"1";"1";"1";"8";"0";"missing";"0"
"zufriedenstellend";"";"3";"1";"1";"8";"0";"missing";"0"
"tue";"";"1";"1";"1";"8";"0";"missing";"0"
"wecken";"";"2";"1";"1";"8";"0";"missing";"0"
"richtigen";"richtige, richtig";"1";"3";"1";"8";"0";"missing";"0"
"abläuft";"";"3";"1";"1";"8";"0";"missing";"0"
"treffen";"";"1";"1";"1";"8";"8";"top";"1"
"alternative";"";"1";"1";"1";"8";"17";"top";"3"
"passende";"";"1";"1";"1";"8";"0";"missing";"0"
"können";"";"1";"9";"3";"8";"9";"top";"16"
"akademische";"";"2";"1";"1";"8";"0";"missing";"0"
"steigendem";"";"2";"1";"1";"8";"0";"missing";"0"
"organisiert";"";"2";"1";"1";"8";"0";"missing";"0"
"gesteigerten";"";"2";"1";"1";"8";"0";"missing";"0"
"freien";"";"1";"2";"1";"8";"0";"missing";"0"
"typischen";"typische";"2";"2";"1";"8";"0";"missing";"0"
"angestellt";"";"2";"1";"1";"8";"0";"missing";"0"
"gesammelt";"";"2";"3";"1";"8";"0";"missing";"0"
"bayern";"";"1";"1";"1";"8";"0";"missing";"0"
"führenden";"";"2";"2";"1";"8";"0";"missing";"0"
"nimm";"";"2";"1";"1";"8";"0";"missing";"0"
"praktische";"praktischen, praktisch";"1";"4";"2";"8";"5";"good";"1"
"verschaffen";"";"2";"1";"1";"8";"0";"missing";"0"
"drehen";"";"1";"1";"1";"8";"0";"missing";"0"
"gelernt";"";"2";"1";"0";"7";"0";"missing";"0"
"relevant";"relevante";"1";"1";"0";"7";"0";"missing";"0"
"bringt";"";"1";"1";"0";"7";"0";"missing";"0"
"läuft";"";"1";"1";"0";"7";"7";"top";"2"
"integrieren";"";"2";"1";"0";"7";"0";"missing";"0"
"weiter";"weitere, weiterer, weiteren, weit";"1";"5";"1";"7";"2";"good";"3"
"helfen";"";"1";"1";"0";"7";"5";"poor";"1"
"kleiden";"";"1";"1";"0";"7";"0";"missing";"0"
"schriftlich";"";"1";"1";"0";"7";"0";"missing";"0"
"telefon";"telefonischen";"1";"1";"0";"7";"19";"top";"2"
"nachfolgenden";"";"1";"1";"0";"7";"0";"missing";"0"
"angemessene";"";"2";"1";"0";"7";"0";"missing";"0"
"einzustellen";"";"2";"1";"0";"7";"0";"missing";"0"
"sicher";"";"1";"2";"1";"7";"0";"missing";"0"
"ein";"eine, einem, einer, einen, eines";"1";"13";"4";"7";"7";"top";"54"
"entsprechende";"";"1";"1";"0";"7";"4";"poor";"1"
"große";"größere, großen, größer, großer, großes";"1";"1";"0";"7";"7";"top";"4"
"künftigen";"";"2";"1";"0";"7";"0";"missing";"0"
"geeignet";"geeigneten";"1";"2";"1";"7";"7";"top";"2"
"heißt";"";"1";"1";"0";"7";"0";"missing";"0"
"dürfe";"";"1";"1";"0";"7";"0";"missing";"0"
"bieten";"";"1";"4";"2";"7";"0";"missing";"0"
"schnell";"schneller";"1";"2";"1";"7";"4";"good";"1"
"ort";"";"1";"1";"0";"7";"17";"top";"5"
"passen";"";"1";"1";"0";"7";"0";"missing";"0"
"könnte";"könnten";"1";"2";"1";"7";"0";"missing";"0"
"nutzten";"";"2";"1";"0";"7";"0";"missing";"0"
"termine";"";"1";"1";"0";"7";"0";"missing";"0"
"gleiche";"gleicher, gleichen";"1";"1";"0";"7";"3";"poor";"1"
"namhaften";"";"3";"1";"0";"7";"0";"missing";"0"
"start";"starten";"1";"3";"1";"7";"0";"missing";"0"
"mail";"";"1";"4";"2";"7";"5";"good";"1"
"abgeschlossen";"";"1";"2";"1";"7";"0";"missing";"0"
"problematisch";"";"2";"1";"0";"7";"0";"missing";"0"
"lockere";"";"1";"1";"0";"7";"0";"missing";"0"
"eignen";"";"3";"1";"0";"7";"0";"missing";"0"
"aussieht";"";"2";"1";"0";"7";"0";"missing";"0"
"betreut";"";"2";"1";"0";"7";"0";"missing";"0"
"anbieten";"";"1";"2";"1";"7";"0";"missing";"0"
"gearbeitet";"";"2";"1";"0";"7";"0";"missing";"0"
"geordneten";"";"2";"1";"0";"7";"0";"missing";"0"
"kulturelle";"";"2";"1";"0";"7";"0";"missing";"0"
"schreibe";"schreiben";"1";"1";"0";"7";"9";"top";"1"
"sprich";"";"2";"1";"0";"7";"0";"missing";"0"
"ehrlich";"";"1";"1";"0";"7";"7";"top";"1"
"bauen";"";"1";"1";"0";"7";"0";"missing";"0"
"interessierte";"";"1";"1";"0";"7";"0";"missing";"0"
"unzufrieden";"";"3";"1";"0";"7";"0";"missing";"0"
"mangelnder";"";"3";"1";"0";"7";"0";"missing";"0"
"bedeutend";"bedeutung";"1";"1";"0";"7";"15";"top";"1"
"fließen";"";"2";"1";"0";"7";"0";"missing";"0"
"vereinbaren";"";"1";"1";"0";"7";"0";"missing";"0"
"teilen";"teils";"1";"2";"1";"7";"0";"missing";"0"
"gelungene";"";"2";"1";"0";"7";"0";"missing";"0"
"ermöglichen";"";"1";"1";"0";"7";"0";"missing";"0"
"beantworten";"";"1";"1";"0";"7";"0";"missing";"0"
"rückblickend";"";"2";"1";"0";"7";"0";"missing";"0"
"verbesserter";"verbessert";"2";"2";"1";"7";"0";"missing";"0"
"se";"";"1";"1";"0";"7";"0";"missing";"0"
"prüfen";"";"1";"1";"0";"7";"0";"missing";"0"
"benötigen";"";"1";"1";"0";"6";"11";"top";"3"
"eingestellt";"";"1";"1";"0";"6";"0";"missing";"0"
"gezeigt";"";"1";"1";"0";"6";"0";"missing";"0"
"kurze";"kurz, kurzen, kurzem";"1";"4";"1";"6";"9";"top";"3"
"tut";"";"1";"1";"0";"6";"0";"missing";"0"
"bist";"";"1";"1";"0";"6";"0";"missing";"0"
"gibt";"";"1";"6";"2";"6";"7";"top";"7"
"und";"";"1";"15";"4";"6";"5";"perfect";"23"
"geplant";"geplante";"1";"1";"0";"6";"5";"poor";"1"
"entstehen";"";"1";"1";"0";"6";"0";"missing";"0"
"rechtzeitig";"";"2";"1";"0";"6";"0";"missing";"0"
"stattfindet";"";"2";"1";"0";"6";"0";"missing";"0"
"soll";"";"1";"2";"1";"6";"0";"missing";"0"
"durchgeführt";"";"1";"2";"1";"6";"0";"missing";"0"
"überzeugen";"";"2";"1";"0";"6";"0";"missing";"0"
"spezieller";"";"1";"1";"0";"6";"0";"missing";"0"
"profitieren";"";"1";"1";"0";"6";"6";"top";"1"
"erfordert";"";"2";"1";"0";"6";"0";"missing";"0"
"aufzunehmen";"";"2";"1";"0";"6";"0";"missing";"0"
"fehlt";"";"1";"1";"0";"6";"5";"poor";"1"
"geben";"";"1";"1";"0";"6";"5";"poor";"2"
"beherrscht";"";"2";"1";"0";"6";"0";"missing";"0"
"aktuellen";"";"1";"1";"0";"6";"0";"missing";"0"
"bewertet";"";"1";"1";"0";"6";"0";"missing";"0"
"bessere";"besser";"1";"1";"0";"6";"1";"poor";"1"
"wissenschaftliche";"";"1";"1";"0";"6";"0";"missing";"0"
"besuchen";"";"1";"1";"0";"6";"0";"missing";"0"
"sondern";"sonderlich";"1";"3";"1";"6";"0";"missing";"0"
"bleibt";"";"1";"1";"0";"6";"0";"missing";"0"
"gelingt";"";"2";"1";"0";"6";"0";"missing";"0"
"lernte";"lernt";"2";"1";"0";"6";"6";"top";"1"
"geklärt";"";"1";"2";"1";"6";"0";"missing";"0"
"zählen";"";"1";"1";"0";"6";"0";"missing";"0"
"sinnvoll";"";"2";"1";"0";"6";"0";"missing";"0"
"tun";"";"1";"2";"1";"6";"0";"missing";"0"
"fanden";"";"1";"1";"0";"6";"0";"missing";"0"
"braucht";"";"1";"1";"0";"6";"0";"missing";"0"
"gekauft";"";"1";"1";"0";"6";"0";"missing";"0"
"erfordern";"erforderlich";"1";"2";"1";"6";"0";"missing";"0"
"aufzubauen";"";"2";"1";"0";"6";"0";"missing";"0"
"räumliche";"";"2";"1";"0";"6";"6";"top";"1"
"suchen";"suche";"1";"2";"1";"6";"9";"top";"4"
"explizit";"";"2";"1";"0";"6";"0";"missing";"0"
"sie";"";"1";"8";"2";"6";"6";"top";"48"
"geh";"gehen";"1";"1";"0";"6";"4";"poor";"1"
"weiterlesen";"";"1";"1";"0";"6";"0";"missing";"0"
"sei";"";"1";"1";"0";"6";"0";"missing";"0"
"verpflichtet";"";"1";"1";"0";"6";"0";"missing";"0"
"teuer";"";"1";"1";"0";"6";"0";"missing";"0"
"lädt";"";"1";"1";"0";"6";"0";"missing";"0"
"herstellen";"";"1";"1";"0";"6";"0";"missing";"0"
"verdient";"";"1";"1";"0";"6";"0";"missing";"0"
"bequem";"";"1";"1";"0";"6";"0";"missing";"0"
"verzichtet";"";"2";"1";"0";"6";"0";"missing";"0"
"direkt";"direkten";"1";"3";"1";"6";"5";"good";"2"
"erwartet";"";"1";"2";"1";"6";"0";"missing";"0"
"ausüben";"";"1";"1";"0";"6";"0";"missing";"0"
"halten";"";"1";"2";"1";"6";"0";"missing";"0"
"überzeugt";"";"2";"1";"0";"6";"0";"missing";"0"
"optischen";"";"2";"1";"0";"6";"0";"missing";"0"
"jungen";"junge";"1";"2";"1";"6";"0";"missing";"0"
"verlangt";"";"2";"1";"0";"6";"0";"missing";"0"
"dokumentiert";"";"2";"1";"0";"6";"0";"missing";"0"
"verstärkten";"verstärkt";"2";"1";"0";"6";"5";"poor";"1"
"nötige";"";"1";"1";"0";"6";"0";"missing";"0"
"früh";"";"1";"1";"0";"6";"0";"missing";"0"
"perfekt";"";"1";"1";"0";"6";"0";"missing";"0"
"gestellt";"";"1";"1";"0";"6";"0";"missing";"0"
"gewonnene";"";"1";"1";"0";"6";"0";"missing";"0"
"langfristig";"";"2";"1";"0";"6";"0";"missing";"0"
"besucht";"";"1";"1";"0";"6";"0";"missing";"0"
"ihre";"ihren, ihr, ihrem, ihrer";"1";"6";"1";"6";"5";"perfect";"14"
"später";"späteren";"1";"2";"1";"6";"3";"good";"1"
"service";"";"1";"1";"0";"6";"0";"missing";"0"
"renommierten";"";"2";"1";"0";"6";"0";"missing";"0"
"flexiblere";"";"1";"1";"0";"6";"0";"missing";"0"
"schicken";"";"1";"1";"0";"6";"0";"missing";"0"
"ausgerüstet";"";"2";"1";"0";"6";"0";"missing";"0"
"beschäftigt";"";"1";"1";"0";"5";"0";"missing";"0"
"lässt";"";"1";"1";"0";"5";"0";"missing";"0"
"übernehmen";"";"1";"2";"1";"5";"5";"top";"1"
"absoluten";"";"1";"1";"0";"5";"0";"missing";"0"
"zu";"";"1";"8";"2";"5";"4";"perfect";"11"
"schlechten";"schlecht";"1";"1";"0";"5";"2";"poor";"1"
"verfolgt";"";"2";"1";"0";"5";"0";"missing";"0"
"umfasst";"";"1";"1";"0";"5";"0";"missing";"0"
"seien";"";"1";"1";"0";"5";"0";"missing";"0"
"zahlreiche";"";"1";"2";"1";"5";"0";"missing";"0"
"übergeben";"";"1";"1";"0";"5";"0";"missing";"0"
"hilft";"";"1";"1";"0";"5";"0";"missing";"0"
"werden";"werde";"1";"9";"2";"5";"5";"top";"10"
"home";"";"1";"1";"0";"5";"5";"top";"5"
"zuständigen";"";"1";"1";"0";"5";"0";"missing";"0"
"uns";"unsere, unseren, unser, unserem";"1";"7";"1";"5";"1";"poor";"1"
"für";"fürs";"1";"11";"2";"5";"5";"top";"15"
"globalen";"";"1";"1";"0";"5";"0";"missing";"0"
"geschrieben";"";"1";"1";"0";"5";"4";"poor";"1"
"technische";"technischen";"1";"2";"1";"5";"4";"good";"1"
"im";"";"1";"12";"2";"5";"5";"top";"28"
"wird";"";"1";"6";"1";"5";"4";"perfect";"5"
"beschreibt";"";"2";"1";"0";"5";"0";"missing";"0"
"auch";"";"1";"8";"2";"5";"5";"top";"23"
"gesetzt";"";"1";"1";"0";"5";"0";"missing";"0"
"wollte";"wollten";"1";"1";"0";"5";"5";"top";"1"
"vorhanden";"";"1";"1";"0";"5";"0";"missing";"0"
"jeweiligen";"jeweiliges";"1";"1";"0";"5";"8";"top";"2"
"videos";"";"1";"2";"0";"5";"0";"missing";"0"
"unterschieden";"";"1";"1";"0";"5";"0";"missing";"0"
"eigene";"eigenen";"1";"4";"1";"5";"0";"missing";"0"
"bitte";"bitten";"1";"1";"0";"5";"8";"top";"1"
"folgende";"folgenden";"1";"3";"1";"5";"5";"top";"2"
"kennen";"";"1";"1";"0";"5";"4";"poor";"1"
"stellt";"stellten";"1";"2";"1";"5";"4";"perfect";"1"
"sprechen";"";"1";"1";"0";"5";"0";"missing";"0"
"pdf";"";"1";"1";"0";"5";"0";"missing";"0"
"haben";"habe";"1";"8";"2";"5";"5";"top";"6"
"oder";"";"1";"9";"2";"5";"3";"perfect";"7"
"lange";"länger, langen";"1";"2";"0";"5";"5";"top";"3"
"körperliche";"";"1";"1";"0";"5";"0";"missing";"0"
"ehemalige";"";"2";"1";"0";"5";"0";"missing";"0"
"erste";"ersten, erst, erster, erstes";"1";"5";"1";"5";"4";"perfect";"2"
"die";"";"1";"13";"3";"5";"5";"top";"36"
"größte";"";"1";"1";"0";"5";"0";"missing";"0"
"willst";"";"1";"1";"0";"5";"0";"missing";"0"
"schreibt";"";"1";"1";"0";"5";"0";"missing";"0"
"stehen";"";"1";"4";"1";"5";"0";"missing";"0"
"hohen";"höhere";"1";"1";"0";"5";"3";"poor";"1"
"geprägt";"";"2";"1";"0";"5";"0";"missing";"0"
"kostenlos";"";"1";"1";"0";"5";"0";"missing";"0"
"optimal";"";"1";"1";"0";"5";"0";"missing";"0"
"dich";"";"1";"5";"1";"5";"0";"missing";"0"
"vollen";"";"1";"1";"0";"5";"0";"missing";"0"
"weltweit";"";"1";"1";"0";"5";"0";"missing";"0"
"örtliche";"";"1";"1";"0";"5";"0";"missing";"0"
"anschließend";"";"1";"2";"1";"5";"0";"missing";"0"
"nichtsdestotrotz";"";"4";"1";"0";"5";"0";"missing";"0"
"besten";"beste, bestens";"1";"2";"1";"5";"4";"good";"1"
"aufmerksam";"";"1";"1";"0";"5";"0";"missing";"0"
"du";"";"1";"7";"1";"5";"0";"missing";"0"
"einzelnen";"einzelne";"1";"2";"1";"5";"0";"missing";"0"
"erfüllt";"";"1";"1";"0";"5";"0";"missing";"0"
"sichtbar";"";"1";"1";"0";"5";"0";"missing";"0"
"der";"";"1";"14";"3";"5";"5";"top";"24"
"virtual";"";"1";"1";"0";"5";"0";"missing";"0"
"auswählen";"";"1";"2";"1";"5";"0";"missing";"0"
"kaufen";"";"1";"1";"0";"5";"0";"missing";"0"
"heißen";"";"1";"1";"0";"5";"0";"missing";"0"
"fällt";"";"1";"1";"0";"5";"0";"missing";"0"
"nicht";"nichts";"1";"7";"1";"5";"4";"perfect";"12"
"verteilt";"";"2";"1";"0";"5";"0";"missing";"0"
"gewählten";"";"1";"1";"0";"5";"0";"missing";"0"
"bei";"";"1";"10";"2";"4";"4";"top";"10"
"erreicht";"";"1";"1";"0";"4";"0";"missing";"0"
"eingesetzt";"";"1";"1";"0";"4";"3";"poor";"1"
"hat";"";"1";"3";"1";"4";"1";"poor";"1"
"neue";"neu, neuer";"1";"3";"1";"4";"6";"top";"4"
"dir";"";"1";"4";"1";"4";"0";"missing";"0"
"in";"";"1";"13";"2";"4";"4";"top";"23"
"bestimmten";"";"1";"1";"0";"4";"0";"missing";"0"
"gefunden";"";"1";"1";"0";"4";"0";"missing";"0"
"als";"";"1";"8";"1";"4";"4";"top";"9"
"nehmen";"";"1";"1";"0";"4";"0";"missing";"0"
"gesehen";"";"1";"1";"0";"4";"0";"missing";"0"
"beginnt";"";"1";"1";"0";"4";"0";"missing";"0"
"sind";"";"1";"4";"1";"4";"4";"top";"9"
"hier";"";"1";"6";"1";"4";"2";"perfect";"2"
"kommt";"";"1";"2";"0";"4";"0";"missing";"0"
"aktiv";"";"1";"1";"0";"4";"0";"missing";"0"
"bringen";"";"1";"1";"0";"4";"0";"missing";"0"
"bewertung";"";"1";"1";"0";"4";"0";"missing";"0"
"von";"";"1";"7";"1";"4";"3";"perfect";"8"
"es";"";"1";"10";"1";"4";"4";"top";"14"
"gilt";"";"1";"1";"0";"4";"6";"top";"3"
"einmal";"";"1";"1";"0";"4";"2";"poor";"2"
"weise";"";"1";"1";"0";"4";"4";"top";"1"
"sogar";"";"1";"2";"0";"4";"1";"poor";"1"
"gemacht";"";"1";"1";"0";"4";"0";"missing";"0"
"ab";"";"1";"4";"1";"4";"2";"perfect";"2"
"erfolgt";"";"1";"1";"0";"4";"0";"missing";"0"
"diese";"diesen, dieses, dieser, dies";"1";"11";"2";"4";"3";"perfect";"4"
"enthalten";"";"1";"2";"1";"4";"0";"missing";"0"
"ausschließlich";"";"1";"1";"0";"4";"0";"missing";"0"
"zur";"";"1";"4";"1";"4";"1";"poor";"1"
"alle";"allem, allen, all";"1";"4";"1";"4";"3";"perfect";"8"
"müssen";"muss";"1";"3";"1";"4";"9";"top";"7"
"auf";"";"1";"6";"1";"4";"4";"top";"10"
"realen";"reales";"1";"1";"0";"4";"7";"top";"2"
"genannt";"";"1";"1";"0";"4";"0";"missing";"0"
"befinden";"";"1";"1";"0";"4";"0";"missing";"0"
"dem";"";"1";"7";"1";"4";"2";"perfect";"3"
"allgemeine";"";"1";"1";"0";"4";"0";"missing";"0"
"übertragen";"";"1";"1";"0";"4";"0";"missing";"0"
"dass";"";"1";"6";"1";"4";"3";"perfect";"3"
"wie";"";"1";"8";"1";"4";"4";"top";"11"
"verbreitet";"";"2";"1";"0";"4";"0";"missing";"0"
"einzige";"";"1";"1";"0";"4";"0";"missing";"0"
"mag";"";"1";"1";"0";"4";"0";"missing";"0"
"gehören";"";"1";"1";"0";"4";"0";"missing";"0"
"notwendig";"";"1";"1";"0";"4";"4";"top";"1"
"gemeinsame";"gemeinsamen, gemeinsam";"1";"1";"0";"4";"7";"top";"3"
"gewesen";"";"1";"1";"0";"4";"0";"missing";"0"
"mit";"";"1";"10";"2";"4";"2";"perfect";"3"
"veröffentlicht";"";"1";"2";"1";"4";"0";"missing";"0"
"ermöglicht";"";"1";"1";"0";"4";"0";"missing";"0"
"steht";"";"1";"4";"1";"4";"0";"missing";"0"
"sterne";"";"1";"1";"0";"4";"0";"missing";"0"
"hätten";"hatte";"1";"1";"0";"4";"2";"poor";"1"
"sich";"";"1";"8";"1";"4";"4";"top";"12"
"kleinen";"kleineren, kleinere";"1";"2";"0";"4";"5";"top";"2"
"über";"";"1";"6";"1";"4";"3";"perfect";"6"
"wollen";"";"1";"1";"0";"4";"0";"missing";"0"
"das";"";"1";"12";"2";"4";"5";"top";"23"
"den";"denen";"1";"9";"1";"4";"3";"perfect";"9"
"erhalten";"";"1";"1";"0";"3";"0";"missing";"0"
"davon";"";"1";"1";"0";"3";"0";"missing";"0"
"nebenbei";"";"2";"1";"0";"3";"0";"missing";"0"
"noch";"";"1";"3";"0";"3";"1";"poor";"1"
"gerne";"";"1";"2";"0";"3";"0";"missing";"0"
"findet";"";"1";"1";"0";"3";"0";"missing";"0"
"anderen";"anderes, andere, anders, anderem, anderer, and";"1";"5";"1";"3";"4";"top";"7"
"darauf";"";"1";"2";"0";"3";"1";"poor";"1"
"somit";"";"2";"2";"0";"3";"0";"missing";"0"
"stark";"";"1";"1";"0";"3";"0";"missing";"0"
"genau";"";"1";"2";"0";"3";"1";"poor";"1"
"lassen";"";"1";"1";"0";"3";"3";"top";"1"
"unter";"unten";"1";"2";"0";"3";"0";"missing";"0"
"so";"";"1";"7";"1";"3";"2";"perfect";"6"
"bezeichnet";"";"1";"1";"0";"3";"0";"missing";"0"
"ob";"";"1";"2";"0";"3";"2";"perfect";"2"
"alten";"";"1";"1";"0";"3";"0";"missing";"0"
"ich";"";"1";"3";"0";"3";"0";"missing";"0"
"mitunter";"";"2";"1";"0";"3";"0";"missing";"0"
"während";"";"1";"2";"0";"3";"3";"top";"3"
"nur";"";"1";"5";"1";"3";"3";"top";"4"
"nach";"";"1";"6";"1";"3";"3";"top";"6"
"idealerweise";"";"3";"1";"0";"3";"0";"missing";"0"
"vor";"";"1";"7";"1";"3";"5";"top";"12"
"vorab";"";"2";"1";"0";"3";"2";"poor";"1"
"dann";"";"1";"3";"0";"3";"4";"top";"7"
"was";"";"1";"4";"1";"3";"1";"good";"1"
"irgendwelche";"";"2";"1";"0";"3";"0";"missing";"0"
"aber";"";"1";"5";"1";"3";"4";"top";"6"
"einfach";"";"1";"3";"0";"3";"1";"poor";"1"
"um";"";"1";"5";"1";"3";"2";"perfect";"3"
"bzw";"";"1";"3";"0";"3";"1";"good";"1"
"wir";"";"1";"6";"1";"3";"2";"perfect";"2"
"immer";"";"1";"2";"0";"3";"3";"top";"4"
"wenn";"";"1";"7";"1";"3";"4";"top";"10"
"zwar";"";"1";"2";"0";"3";"1";"good";"1"
"meist";"meistens, meisten, meiste";"1";"3";"1";"3";"2";"perfect";"1"
"allerdings";"";"2";"2";"0";"3";"5";"top";"5"
"zum";"";"1";"6";"1";"3";"3";"top";"4"
"verbunden";"";"1";"1";"0";"3";"0";"missing";"0"
"zeigt";"";"1";"1";"0";"3";"3";"top";"1"
"video";"";"1";"2";"0";"3";"0";"missing";"0"
"bezahlen";"";"1";"1";"0";"3";"0";"missing";"0"
"sehen";"";"1";"1";"0";"3";"0";"missing";"0"
"deutlich";"";"1";"1";"0";"3";"0";"missing";"0"
"ist";"";"1";"10";"1";"3";"3";"top";"13"
"sein";"seine, seinen";"1";"4";"1";"3";"2";"good";"2"
"viele";"vielen, viel";"1";"6";"1";"3";"4";"top";"8"
"genauso";"";"1";"1";"0";"3";"0";"missing";"0"
"seiten";"seitens, seit, seite";"1";"4";"1";"3";"2";"perfect";"2"
"hierüber";"";"3";"1";"0";"3";"0";"missing";"0"
"geht";"";"1";"1";"0";"3";"4";"top";"2"
"verschiedenen";"";"1";"1";"0";"3";"0";"missing";"0"
"heraus";"";"3";"1";"0";"3";"0";"missing";"0"
"mehr";"";"1";"4";"1";"3";"2";"perfect";"2"
"welche";"welcher, welchen, welches";"1";"6";"1";"3";"0";"missing";"0"
"damit";"";"1";"4";"1";"3";"1";"good";"1"
"besteht";"";"2";"1";"0";"3";"3";"top";"1"
"denn";"";"1";"2";"0";"3";"1";"poor";"1"
"aus";"";"1";"8";"1";"3";"3";"top";"4"
"des";"";"1";"8";"1";"3";"2";"perfect";"2"
"bereits";"bereit";"1";"4";"1";"3";"1";"poor";"1"
"zunächst";"";"1";"1";"0";"2";"2";"top";"1"
"untereinander";"";"2";"1";"0";"2";"0";"missing";"0"
"natürlich";"";"1";"5";"1";"2";"2";"top";"4"
"statt";"";"1";"2";"0";"2";"0";"missing";"0"
"wieder";"";"1";"1";"0";"2";"1";"poor";"1"
"anhand";"";"1";"1";"0";"2";"0";"missing";"0"
"zuerst";"";"1";"2";"0";"2";"0";"missing";"0"
"umso";"";"2";"1";"0";"2";"0";"missing";"0"
"sobald";"";"1";"1";"0";"2";"0";"missing";"0"
"jetzt";"";"1";"1";"0";"2";"0";"missing";"0"
"nachdem";"";"1";"1";"0";"2";"1";"poor";"1"
"ohne";"";"1";"2";"0";"2";"0";"missing";"0"
"zeit";"";"1";"3";"0";"2";"2";"top";"3"
"mich";"";"1";"1";"0";"2";"0";"missing";"0"
"jedoch";"";"1";"3";"0";"2";"3";"top";"4"
"dessen";"";"2";"1";"0";"2";"0";"missing";"0"
"nun";"";"1";"1";"0";"2";"0";"missing";"0"
"da";"";"1";"1";"0";"2";"1";"poor";"1"
"schon";"";"1";"1";"0";"2";"1";"poor";"1"
"hoch";"";"1";"1";"0";"2";"0";"missing";"0"
"kaum";"";"1";"1";"0";"2";"0";"missing";"0"
"ggf";"";"1";"1";"0";"2";"0";"missing";"0"
"mitten";"";"1";"1";"0";"2";"0";"missing";"0"
"manchmal";"";"1";"1";"0";"2";"0";"missing";"0"
"solches";"solche";"1";"1";"0";"2";"2";"top";"1"
"sehr";"";"1";"1";"0";"2";"4";"top";"8"
"ja";"";"1";"2";"0";"2";"0";"missing";"0"
"hinaus";"";"1";"1";"0";"2";"0";"missing";"0"
"ihm";"";"1";"1";"0";"2";"0";"missing";"0"
"zudem";"";"1";"1";"0";"2";"0";"missing";"0"
"wann";"";"1";"1";"0";"2";"1";"poor";"1"
"weiterhin";"";"1";"1";"0";"2";"0";"missing";"0"
"vielleicht";"";"1";"2";"0";"2";"1";"good";"1"
"wo";"";"1";"1";"0";"2";"0";"missing";"0"
"offen";"";"1";"2";"0";"2";"0";"missing";"0"
"her";"";"1";"1";"0";"2";"0";"missing";"0"
"via";"";"1";"2";"0";"2";"0";"missing";"0"
"vermutlich";"";"1";"1";"0";"2";"0";"missing";"0"
"war";"waren, wäre";"1";"1";"0";"2";"5";"top";"4"
"ins";"";"1";"1";"0";"2";"2";"top";"2"
"daraus";"";"1";"1";"0";"2";"0";"missing";"0"
"gerade";"";"1";"2";"0";"2";"3";"top";"3"
"sofort";"";"1";"1";"0";"2";"0";"missing";"0"
"innen";"";"1";"2";"0";"2";"0";"missing";"0"
"jegliche";"";"2";"1";"0";"2";"0";"missing";"0"
"jedem";"jede, jeder, jeden";"1";"2";"0";"2";"1";"poor";"1"
"an";"";"1";"8";"1";"2";"3";"top";"8"
"jederzeit";"";"2";"1";"0";"2";"0";"missing";"0"
"sowie";"";"1";"2";"0";"2";"0";"missing";"0"
"insbesondere";"";"1";"1";"0";"2";"0";"missing";"0"
"einige";"";"1";"2";"0";"2";"0";"missing";"0"
"dazu";"";"1";"2";"0";"2";"2";"top";"2"
"gleichermaßen";"";"2";"1";"0";"2";"0";"missing";"0"
"er";"";"1";"2";"0";"2";"0";"missing";"0"
"dort";"";"1";"2";"0";"2";"0";"missing";"0"
"etc";"";"1";"2";"0";"2";"0";"missing";"0"
"man";"";"1";"2";"0";"2";"0";"missing";"0"
"bevor";"";"1";"2";"0";"2";"0";"missing";"0"
"gegebenenfalls";"";"1";"1";"0";"2";"0";"missing";"0"
"keine";"kein, keinen";"1";"4";"0";"2";"1";"good";"1"
"selbst";"selben";"1";"4";"1";"2";"2";"top";"2"
"überall";"";"1";"1";"0";"2";"0";"missing";"0"
"durch";"";"1";"3";"0";"2";"3";"top";"5"
"themen";"";"1";"1";"0";"2";"0";"missing";"0"
"beispielsweise";"";"1";"2";"0";"2";"2";"top";"1"
"vom";"";"1";"3";"0";"2";"0";"missing";"0"
"aufgrund";"";"1";"1";"0";"2";"0";"missing";"0"
"zumal";"";"2";"1";"0";"2";"0";"missing";"0"
"zweimal";"";"2";"1";"0";"2";"0";"missing";"0"
"insgesamt";"";"1";"1";"0";"2";"0";"missing";"0"
"beides";"beiden, beide";"1";"1";"0";"2";"2";"top";"2"
"liegt";"";"1";"1";"0";"2";"2";"top";"1"
"außerhalb";"";"1";"1";"0";"2";"0";"missing";"0"
"nein";"";"1";"1";"0";"2";"0";"missing";"0"
"sonst";"";"1";"2";"0";"2";"0";"missing";"0"
"daher";"";"1";"1";"0";"2";"0";"missing";"0"
"sofern";"";"1";"1";"0";"2";"0";"missing";"0"
"ebenso";"";"1";"2";"0";"2";"0";"missing";"0"
"per";"";"1";"3";"0";"2";"2";"top";"2"
"wer";"";"1";"2";"0";"2";"0";"missing";"0"
"bestehen";"";"1";"1";"0";"2";"1";"poor";"1"
"spätestens";"";"1";"1";"0";"2";"0";"missing";"0"
"derzeit";"";"1";"1";"0";"2";"0";"missing";"0"
"schwer";"schwerer";"1";"3";"0";"2";"5";"top";"1"
"warum";"";"1";"1";"0";"2";"0";"missing";"0"
"wenigen";"wenig";"1";"2";"0";"2";"0";"missing";"0"
"ihnen";"ihn";"1";"2";"0";"2";"4";"top";"7"
"dank";"";"1";"1";"0";"2";"0";"missing";"0"
"dafür";"";"1";"2";"0";"2";"2";"top";"2"
"eher";"";"1";"2";"0";"2";"0";"missing";"0"
"mal";"";"1";"3";"0";"1";"0";"missing";"0"
"links";"";"1";"1";"0";"1";"0";"missing";"0"
"com";"";"1";"1";"0";"1";"0";"missing";"0"
"bis";"";"1";"1";"0";"1";"1";"top";"1"
"dar";"";"1";"1";"0";"1";"0";"missing";"0"
"net";"";"1";"1";"0";"1";"0";"missing";"0"
"ca";"";"1";"1";"0";"1";"0";"missing";"0"
"also";"";"1";"2";"0";"1";"1";"top";"2"
"zwischen";"";"1";"1";"0";"1";"1";"top";"1"
"etwas";"";"1";"1";"0";"1";"1";"top";"1"
"fast";"";"1";"1";"0";"1";"1";"top";"1"
"weil";"";"1";"1";"0";"1";"1";"top";"1"
"am";"";"1";"4";"0";"1";"1";"top";"2"
"pro";"";"1";"1";"0";"1";"0";"missing";"0"
"solange";"";"1";"1";"0";"1";"0";"missing";"0"
"sowohl";"";"1";"1";"0";"1";"0";"missing";"0"
"außerdem";"";"1";"1";"0";"1";"1";"top";"1"
"gar";"";"1";"2";"0";"1";"0";"missing";"0"
"frei";"";"1";"1";"0";"1";"1";"top";"1"
"oft";"";"1";"1";"0";"1";"0";"missing";"0"
"hin";"";"1";"1";"0";"1";"0";"missing";"0"
"morgens";"";"1";"1";"0";"1";"0";"missing";"0"
"ernst";"";"1";"1";"0";"1";"0";"missing";"0"
"onlinevariante";"";"7";"0";"0";"0";"40";"unique";"2"
"bwl";"";"1";"0";"0";"0";"26";"unique";"2"
"gwriters";"";"8";"0";"0";"0";"27";"unique";"1"
"einarbeitungsphase";"";"4";"0";"0";"0";"22";"unique";"1"
"vier";"";"1";"1";"0";"0";"0";"missing";"0"
"pj";"";"1";"1";"0";"0";"0";"missing";"0"
"erfahrungsberichte";"";"2";"0";"0";"0";"28";"unique";"2"
"nachteile";"";"2";"0";"0";"0";"44";"unique";"5"
"hochschule";"hochschulen";"1";"0";"0";"0";"40";"unique";"5"
"ghostwriter";"";"2";"0";"0";"0";"40";"unique";"4"
"arbeitsstunden";"";"4";"0";"0";"0";"22";"unique";"1"
"fach";"fächer";"1";"0";"0";"0";"37";"unique";"4"
"studienleistung";"";"5";"0";"0";"0";"36";"unique";"2"
"praktikumsberichtes";"praktikumsbericht";"4";"0";"0";"0";"35";"unique";"2"
"kontaktbeschränkungen";"";"3";"0";"0";"0";"32";"unique";"2"
"kolleginnen";"";"3";"0";"0";"0";"30";"unique";"2"
"begegnungen";"";"2";"0";"0";"0";"28";"unique";"2"
"arbeitsform";"";"4";"0";"0";"0";"22";"unique";"1"
"polizistinnen";"";"4";"0";"0";"0";"21";"unique";"1"
"gelingendes";"";"2";"0";"0";"0";"11";"unique";"1"
"coachings";"";"1";"0";"0";"0";"13";"unique";"1"
"bedürfnisse";"";"1";"0";"0";"0";"16";"unique";"1"
"arbeitnehmerinnen";"";"4";"0";"0";"0";"22";"unique";"1"
"kommunikationswege";"";"5";"0";"0";"0";"22";"unique";"1"
"notlösung";"";"4";"0";"0";"0";"22";"unique";"1"
"pflichtpraktika";"";"6";"0";"0";"0";"23";"unique";"1"
"anfahrtswege";"";"5";"0";"0";"0";"23";"unique";"1"
"praktikumsmodul";"";"7";"0";"0";"0";"26";"unique";"1"
"praktikumsdauer";"";"7";"0";"0";"0";"25";"unique";"1"
"jobplattformen";"";"7";"0";"0";"0";"25";"unique";"1"
"teamtreffen";"";"7";"0";"0";"0";"25";"unique";"1"
"arbeitsinhalte";"";"6";"0";"0";"0";"24";"unique";"1"
"schreibtischtätigkeiten";"";"6";"0";"0";"0";"24";"unique";"1"
"marketingbereich";"";"6";"0";"0";"0";"24";"unique";"1"
"videoschalte";"";"6";"0";"0";"0";"23";"unique";"1"
"kaffeekochen";"";"6";"0";"0";"0";"23";"unique";"1"
"trend";"";"1";"0";"0";"0";"23";"unique";"3"
"arbeitsgebiet";"";"4";"0";"0";"0";"22";"unique";"1"
"studienordnungen";"";"5";"0";"0";"0";"23";"unique";"1"
"auswirkungen";"";"2";"0";"0";"0";"27";"unique";"2"
"firmenseite";"";"5";"0";"0";"0";"23";"unique";"1"
"telefonhörer";"";"5";"0";"0";"0";"22";"unique";"1"
"ungebundenheit";"";"5";"0";"0";"0";"22";"unique";"1"
"jura";"";"1";"0";"0";"0";"15";"unique";"1"
"getremote";"";"5";"0";"0";"0";"22";"unique";"1"
"mietkosten";"";"5";"0";"0";"0";"22";"unique";"1"
"raum";"";"1";"0";"0";"0";"22";"unique";"2"
"zeiteinteilung";"";"5";"0";"0";"0";"22";"unique";"1"
"leute";"";"1";"0";"0";"0";"15";"unique";"1"
"kräfte";"";"1";"0";"0";"0";"14";"unique";"1"
"angst";"";"1";"0";"0";"0";"15";"unique";"1"
"gesundheitswesen";"";"1";"0";"0";"0";"17";"unique";"1"
"psychologinnen";"";"3";"0";"0";"0";"20";"unique";"1"
"ansprechpartnerinnen";"";"3";"0";"0";"0";"20";"unique";"1"
"arbeitsortes";"";"3";"0";"0";"0";"20";"unique";"1"
"aufgabengebiete";"";"3";"0";"0";"0";"20";"unique";"1"
"konzerne";"";"3";"0";"0";"0";"19";"unique";"1"
"sueddeutsche";"";"3";"0";"0";"0";"19";"unique";"1"
"berufseinstieg";"";"2";"0";"0";"0";"19";"unique";"1"
"ueber";"";"2";"0";"0";"0";"18";"unique";"1"
"fachbereichen";"";"2";"0";"0";"0";"18";"unique";"1"
"expertinnen";"";"2";"0";"0";"0";"18";"unique";"1"
"präsenz";"";"2";"0";"0";"0";"18";"unique";"1"
"kaffeeautomaten";"";"4";"0";"0";"0";"21";"unique";"1"
"aufsatz";"";"2";"0";"0";"0";"18";"unique";"1"
"inserate";"";"2";"0";"0";"0";"18";"unique";"1"
"auffassung";"";"2";"0";"0";"0";"18";"unique";"1"
"fazit";"";"2";"0";"0";"0";"17";"unique";"1"
"ifo";"";"2";"0";"0";"0";"17";"unique";"1"
"flur";"";"2";"0";"0";"0";"17";"unique";"1"
"schwierigkeiten";"";"2";"0";"0";"0";"17";"unique";"1"
"suchmaske";"";"2";"0";"0";"0";"17";"unique";"1"
"publikationen";"";"2";"0";"0";"0";"17";"unique";"1"
"psychotherapie";"";"2";"0";"0";"0";"17";"unique";"1"
"umstieg";"";"4";"0";"0";"0";"21";"unique";"1"
"jobportale";"";"2";"0";"0";"0";"18";"unique";"1"
"abschalten";"";"2";"0";"0";"0";"15";"unique";"1"
"profit";"";"1";"0";"0";"0";"12";"unique";"1"
"pausen";"";"1";"0";"0";"0";"14";"unique";"1"
"inhouse";"";"2";"0";"0";"0";"14";"unique";"1"
"ende";"";"1";"0";"0";"0";"14";"unique";"1"
"lockdowns";"";"5";"0";"0";"0";"22";"unique";"1"
"hinzubekommen";"";"4";"0";"0";"0";"14";"unique";"1"
"variante";"";"1";"0";"0";"0";"14";"unique";"3"
"ergebnisorientiert";"";"5";"0";"0";"0";"13";"unique";"1"
"videocall";"";"1";"0";"0";"0";"16";"unique";"1"
"stadt";"";"1";"0";"0";"0";"13";"unique";"1"
"indeed";"";"1";"0";"0";"0";"13";"unique";"1"
"kennenzulernen";"";"3";"0";"0";"0";"12";"unique";"2"
"sonderseite";"";"4";"0";"0";"0";"21";"unique";"1"
"anspruchsvoll";"";"2";"0";"0";"0";"12";"unique";"2"
"wesentlichen";"";"1";"0";"0";"0";"12";"unique";"1"
"career";"";"1";"0";"0";"0";"12";"unique";"1"
"umstellten";"";"5";"0";"0";"0";"11";"unique";"1"
"offline";"";"1";"0";"0";"0";"11";"unique";"1"
"angel";"";"1";"0";"0";"0";"11";"unique";"1"
"format";"";"1";"0";"0";"0";"11";"unique";"1"
"strukturieren";"";"4";"0";"0";"0";"11";"unique";"1"
"zeitschrift";"";"1";"0";"0";"0";"16";"unique";"1"
"html";"";"1";"0";"0";"0";"16";"unique";"3"
"ansteht";"";"4";"0";"0";"0";"11";"unique";"1"
"beim";"";"1";"0";"0";"0";"3";"unique";"3"
"unspezifische";"";"5";"0";"0";"0";"11";"unique";"1"
"ergänzen";"";"2";"0";"0";"0";"10";"unique";"2"
"übereinstimmender";"";"2";"0";"0";"0";"9";"unique";"1"
"üblicher";"";"2";"0";"0";"0";"7";"unique";"1"
"eingeplant";"";"4";"0";"0";"0";"9";"unique";"1"
"problem";"";"1";"0";"0";"0";"11";"unique";"1"
"kopieren";"";"1";"0";"0";"0";"10";"unique";"1"
"angeleitet";"";"4";"0";"0";"0";"10";"unique";"1"
"standards";"";"1";"0";"0";"0";"10";"unique";"1"
"umstellen";"";"2";"0";"0";"0";"10";"unique";"1"
"sites";"";"1";"0";"0";"0";"10";"unique";"1"
"fuer";"";"1";"0";"0";"0";"10";"unique";"1"
"verbringen";"";"2";"0";"0";"0";"6";"unique";"1"
"blog";"";"1";"0";"0";"0";"9";"unique";"1"
"plötzlich";"";"1";"0";"0";"0";"5";"unique";"1"
"gewünschtes";"";"2";"0";"0";"0";"9";"unique";"1"
"sitzen";"";"1";"0";"0";"0";"9";"unique";"1"
"märz";"";"1";"0";"0";"0";"7";"unique";"1"
"nachzudenken";"";"3";"0";"0";"0";"9";"unique";"1"
"angehende";"";"3";"0";"0";"0";"9";"unique";"1"
"minimiert";"";"3";"0";"0";"0";"9";"unique";"1"
"greifen";"";"3";"0";"0";"0";"8";"unique";"1"
"beteiligten";"";"2";"0";"0";"0";"8";"unique";"1"
"zufällige";"";"2";"0";"0";"0";"7";"unique";"1"
"gefragt";"";"1";"0";"0";"0";"6";"unique";"1"
"unüblich";"";"3";"0";"0";"0";"8";"unique";"1"
"anpassen";"";"1";"0";"0";"0";"7";"unique";"1"
"häufiger";"häufig";"1";"0";"0";"0";"6";"unique";"2"
"genügt";"";"2";"0";"0";"0";"6";"unique";"1"
"gängigen";"";"2";"0";"0";"0";"7";"unique";"1"
"nutzen";"";"1";"0";"0";"0";"6";"unique";"1"
"ankommt";"";"2";"0";"0";"0";"7";"unique";"1"
"anzubieten";"";"2";"0";"0";"0";"7";"unique";"1"
"typ";"";"1";"0";"0";"0";"7";"unique";"1"
"abgesagt";"";"3";"0";"0";"0";"7";"unique";"1"
"https";"";"1";"0";"0";"0";"7";"unique";"8"
"lohnt";"";"1";"0";"0";"0";"7";"unique";"1"
"interessieren";"";"1";"0";"0";"0";"6";"unique";"1"
"eignet";"";"2";"0";"0";"0";"6";"unique";"1"
"verzichten";"";"1";"0";"0";"0";"6";"unique";"1"
"vergessen";"";"1";"0";"0";"0";"6";"unique";"1"
"leisten";"";"1";"0";"0";"0";"5";"unique";"1"
"individuellen";"";"1";"0";"0";"0";"5";"unique";"1"
"www";"";"1";"0";"0";"0";"5";"unique";"6"
"stattfinden";"";"2";"0";"0";"0";"5";"unique";"1"
"passt";"";"1";"0";"0";"0";"6";"unique";"1"
"wechselten";"";"2";"0";"0";"0";"6";"unique";"1"
"erlauben";"";"2";"0";"0";"0";"6";"unique";"1"
"eingeschränkt";"";"2";"0";"0";"0";"6";"unique";"1"
"umziehen";"";"2";"0";"0";"0";"8";"unique";"1"
"befördern";"";"3";"0";"0";"0";"8";"unique";"1"
"überhaupt";"";"1";"0";"0";"0";"2";"unique";"2"
"entwickelt";"";"1";"0";"0";"0";"3";"unique";"1"
"erklären";"";"1";"0";"0";"0";"5";"unique";"1"
"verlegt";"";"2";"0";"0";"0";"5";"unique";"1"
"gestaltet";"";"2";"0";"0";"0";"5";"unique";"1"
"zentralen";"";"1";"0";"0";"0";"5";"unique";"1"
"hängt";"";"1";"0";"0";"0";"5";"unique";"1"
"wirklich";"";"1";"0";"0";"0";"4";"unique";"1"
"scheint";"";"1";"0";"0";"0";"4";"unique";"1"
"dienen";"";"1";"0";"0";"0";"4";"unique";"1"
"bleiben";"";"1";"0";"0";"0";"4";"unique";"1"
"erwähnt";"";"2";"0";"0";"0";"4";"unique";"1"
"anfangs";"";"1";"0";"0";"0";"2";"unique";"2"
"genutzt";"";"1";"0";"0";"0";"3";"unique";"1"
"inzwischen";"";"1";"0";"0";"0";"3";"unique";"3"
"fu";"";"1";"0";"0";"0";"3";"unique";"1"
"populär";"";"1";"0";"0";"0";"3";"unique";"1"
"kommen";"";"1";"0";"0";"0";"3";"unique";"1"
"oftmals";"";"2";"0";"0";"0";"3";"unique";"2"
"bislang";"";"2";"0";"0";"0";"3";"unique";"2"
"worauf";"";"1";"0";"0";"0";"3";"unique";"2"
"hinsichtlich";"";"1";"0";"0";"0";"3";"unique";"2"
"de";"";"1";"0";"0";"0";"3";"unique";"8"
"darin";"";"1";"0";"0";"0";"2";"unique";"2"
"erwerben";"";"1";"0";"0";"0";"5";"unique";"1"
"getroffen";"";"1";"0";"0";"0";"5";"unique";"1"
"erarbeiten";"";"2";"0";"0";"0";"8";"unique";"1"
"selten";"";"1";"0";"0";"0";"2";"unique";"1"
"wertvoll";"";"2";"0";"0";"0";"8";"unique";"1"
"verhängt";"";"3";"0";"0";"0";"8";"unique";"1"
"scheitert";"";"3";"0";"0";"0";"7";"unique";"1"
"ausdrücklich";"";"1";"0";"0";"0";"5";"unique";"1"
"ebenfalls";"";"1";"0";"0";"0";"1";"unique";"1"
"angepasst";"";"1";"0";"0";"0";"5";"unique";"1"
"normalerweise";"";"2";"0";"0";"0";"2";"unique";"1"
"weshalb";"";"1";"0";"0";"0";"2";"unique";"1"
"deswegen";"";"1";"0";"0";"0";"2";"unique";"1"
"vorm";"";"1";"0";"0";"0";"2";"unique";"1"
"trotz";"";"1";"0";"0";"0";"2";"unique";"1"
"schließlich";"";"3";"0";"0";"0";"2";"unique";"1"
"lediglich";"";"1";"0";"0";"0";"2";"unique";"1"
"deshalb";"";"1";"0";"0";"0";"1";"unique";"1"
"etwa";"";"1";"0";"0";"0";"1";"unique";"1"
"maß";"";"1";"0";"0";"0";"1";"unique";"1"
"quasi";"";"1";"0";"0";"0";"1";"unique";"1"
"inwieweit";"";"2";"0";"0";"0";"2";"unique";"1"
"liegen";"";"1";"0";"0";"0";"1";"unique";"1"
"je";"";"1";"0";"0";"0";"1";"unique";"1"
"schüchterne";"";"4";"0";"0";"0";"11";"unique";"1"
"sowieso";"";"2";"0";"0";"0";"2";"unique";"1"
"absprachen";"";"2";"0";"0";"0";"17";"unique";"1"